filename,AddressOfEntryPoint,BASERELOC_Size,BASERELOC_VA,BOUND_IMPORT_Size,BOUND_IMPORT_VA,BaseOfCode,BaseOfData,COM_DESCRIPTOR_Size,COM_DESCRIPTOR_VA,COPYRIGHT_Size,COPYRIGHT_VA,Characteristics,CheckSum,DEBUG_Size,DEBUG_VA,DELAY_IMPORT_Size,DELAY_IMPORT_VA,DllCharacteristics,EXCEPTION_Size,EXCEPTION_VA,EXPORT_Size,EXPORT_VA,FileAlignment,IAT_Size,IAT_VA,IMPORT_Size,IMPORT_VA,ImageBase,LOAD_CONFIG_Size,LOAD_CONFIG_VA,Machine,Magic,MajorImageVersion,MajorLinkerVersion,MajorOperatingSystemVersion,MajorSubsystemVersion,MinorImageVersion,MinorLinkerVersion,MinorOperatingSystemVersion,MinorSubsystemVersion,NumberOfSections,NumberOfSymbols,PointerToSymbolTable,RESOURCE_Size,RESOURCE_VA,SECURITY_Size,SECURITY_VA,SectionAlignment,SizeOfCode,SizeOfHeaders,SizeOfHeapCommit,SizeOfHeapReserve,SizeOfImage,SizeOfInitializedData,SizeOfOptionalHeader,SizeOfStackCommit,SizeOfStackReserve,SizeOfUninitializedData,Subsystem,TLS_Size,TLS_VA,e_cblp,e_cp,e_cparhdr,e_crlc,e_cs,e_csum,e_ip,e_lfanew,e_lfarlc,e_maxalloc,e_minalloc,e_oemid,e_oeminfo,e_ovno,e_sp,e_ss
1Password-8.12.10.36.exe,84543088,1049392,213897216,0,0,4096,0,0,0,0,0,34,211015649,28,202598576,1408,203321280,49504,5022708,208670720,248657,203342394,512,4784,203596136,300,203591052,5368709120,320,172449280,34404,523,0,14,10,10,0,0,0,0,14,0,0,156348,213737472,15824,210950144,4096,172295680,1536,4096,1048576,214949888,38643200,240,4096,8388608,0,2,40,202597232,120,1,4,0,0,0,0,120,64,0,0,0,0,0,0,0
7z-16.4.0-x64.exe,29204,0,0,0,0,4096,32768,0,0,0,0,303,0,0,0,0,0,0,0,0,0,0,512,340,32768,140,36068,4194304,0,0,332,267,0,6,4,4,0,0,0,0,4,0,0,4072,53248,0,0,4096,25600,1024,4096,1048576,57344,18944,224,4096,1048576,0,2,0,0,144,3,4,0,0,0,0,240,64,65535,0,0,0,0,184,0
7z-23.1.0-x64.exe,29588,0,0,0,0,4096,32768,0,0,0,0,303,0,0,0,0,0,256,0,0,0,0,512,332,32768,140,35908,4194304,0,0,332,267,0,6,4,4,0,0,0,0,4,0,0,4072,53248,0,0,4096,26112,1024,4096,1048576,57344,19968,224,4096,1048576,0,2,0,0,144,3,4,0,0,0,0,232,64,65535,0,0,0,0,184,0
7z-26.0.0-x64.exe,34816,0,0,0,0,4096,0,0,0,0,0,35,0,0,0,0,0,33024,912,61440,0,0,512,656,36864,140,41616,4194304,0,0,34404,523,0,8,4,5,0,0,0,2,5,0,0,4072,65536,0,0,4096,32256,1024,4096,1048576,69632,27136,240,4096,1048576,0,2,0,0,144,3,4,0,0,0,0,224,64,65535,0,0,0,0,184,0
Advanced File Security 3.1 Basic-3.1.7.exe,653970,0,0,0,0,4096,839680,0,0,0,0,291,0,0,0,64,1050716,0,0,0,0,0,4096,1740,839680,240,1050852,4194304,0,0,332,267,0,8,4,4,0,0,0,0,4,0,0,196752,1114112,0,0,4096,835584,4096,4096,1048576,1314816,475136,224,4096,1048576,0,2,0,0,144,3,4,0,0,0,0,264,64,65535,0,0,0,0,184,0
aescrypt-3.09.exe,42428,456,188416,0,0,4096,0,0,0,0,0,34,160324,28,86752,0,0,33088,2964,139264,0,0,512,616,86016,60,101536,5368709120,0,0,34404,523,0,10,5,5,0,0,2,2,6,0,0,44052,143360,0,0,4096,81408,1024,4096,1048576,192512,72704,240,4096,1048576,0,3,0,0,144,3,4,0,0,0,0,232,64,65535,0,0,0,0,184,0
aescrypt-4.5.0_gui.exe,326704,892,987136,0,0,4096,0,0,0,0,0,34,990914,28,527632,0,0,33120,13380,593920,0,0,512,2160,356352,400,566844,5368709120,320,527312,34404,523,0,14,6,6,0,44,0,0,6,0,0,374400,610304,15000,969216,4096,349184,1024,4096,1048576,991232,620544,240,4096,1048576,0,3,40,527744,144,3,4,0,0,0,0,264,64,65535,0,0,0,0,184,0
aescrypt-v3.10.exe,42520,456,188416,0,0,4096,0,0,0,0,0,34,206097,28,86752,0,0,33088,2964,139264,0,0,512,616,86016,60,101632,5368709120,0,0,34404,523,0,10,5,5,0,0,2,2,6,0,0,44052,143360,0,0,4096,81408,1024,4096,1048576,192512,72704,240,4096,1048576,0,3,0,0,144,3,4,0,0,0,0,232,64,65535,0,0,0,0,184,0
AgnotSecurity-2.2.2.exe,640624,41528,737280,0,0,4096,643072,0,0,0,0,33166,0,0,0,0,0,0,0,0,0,0,512,0,0,9864,716800,4194304,0,0,332,267,0,2,4,4,0,25,0,0,8,0,0,1925120,782336,0,0,4096,636928,1024,4096,1048576,2707456,2024448,224,16384,1048576,0,2,24,733184,80,2,4,0,0,0,0,256,64,65535,15,0,0,26,184,0
AloahaCrypt-6.3.1.exe,458676,0,0,0,0,4096,585728,0,0,0,0,259,1635454,0,0,0,0,33024,0,0,0,0,512,1572,585728,260,721712,4194304,64,694544,332,267,0,9,5,5,0,0,0,0,4,0,0,822760,958464,7632,1567232,4096,578560,1024,4096,1048576,1781760,987648,224,4096,1048576,0,2,0,0,144,3,4,0,0,0,0,240,64,65535,0,0,0,0,184,0
ALZip-11.8.23.exe,800709,109116,2797568,0,0,4096,1142784,0,0,0,0,258,2943832,28,1145136,128,1444652,32768,0,0,1280,1462592,512,1788,1142784,240,1449504,4194304,64,1293384,332,267,0,9,5,5,0,0,0,0,6,0,0,1305508,1490944,6464,2907136,4096,1137664,1024,4096,1048576,2924544,1768448,224,4096,1048576,0,2,24,1293456,144,3,4,0,0,0,0,248,64,65535,0,0,0,0,184,0
ArcThemALL!-5.1.0.exe,91585,0,0,0,0,4096,532480,0,0,0,0,291,693791,0,0,0,0,32768,0,0,0,0,512,2116,532480,340,578588,4194304,0,0,332,267,0,10,5,5,0,0,0,0,4,0,0,73688,700416,0,0,4096,526336,1024,4096,4194304,774144,157696,224,4096,4194304,0,2,0,0,144,3,4,0,0,0,0,248,64,65535,0,0,0,0,184,0
Arix-1.4.0.exe,896206,12,1089536,0,0,8192,901120,72,8200,0,0,258,0,28,901120,0,0,34112,0,0,0,0,512,8,8192,83,896120,4194304,0,0,332,267,0,11,4,4,0,0,0,0,4,0,0,175448,909312,0,0,8192,888320,1024,4096,1048576,1097728,176640,224,4096,1048576,0,2,0,0,144,3,4,0,0,0,0,128,64,65535,0,0,0,0,184,0
AshampooLauncher-2.16.0.exe,6053488,30972,10235904,0,0,4096,0,0,0,0,0,34,144892388,112,7739456,96,8321548,49504,233856,8437760,1652,8322128,512,3632,6709248,360,8323780,5368709120,320,6760704,34404,523,0,14,6,6,0,44,0,0,9,0,0,1551184,8683520,12192,144866696,4096,6700032,1024,4096,1048576,10268672,3546112,240,4096,1572864,0,2,40,7740032,144,3,4,0,0,0,0,272,64,65535,0,0,0,0,184,0
AshampooZIP-1.7.1.EXE,12093672,0,0,0,0,4096,12103680,0,0,17,14557208,33167,49305889,1,18096128,2470,14548992,0,0,0,0,0,512,3580,14528756,24012,14524416,4194304,0,0,332,267,0,2,5,5,0,25,0,0,11,0,0,2467328,15626240,9360,49295752,4096,12098560,1024,4096,1048576,52183040,38258563,224,16384,1048576,0,2,24,14557184,80,2,4,0,0,0,0,256,64,65535,15,0,0,26,184,0
AxCrypt-2.1.1692.exe,26763062,12,26959872,0,0,8192,26763264,72,8192,0,0,2,26996164,28,26763084,0,0,34144,0,0,0,0,512,8,26763076,76,26762984,4194304,0,0,332,267,0,8,4,4,0,0,0,0,3,0,0,188826,26763264,11168,26945024,8192,26755072,512,4096,1048576,26968064,189440,224,4096,1048576,0,2,0,0,144,3,4,0,0,0,0,128,64,65535,0,0,0,0,184,0
Backupper-8.2.0.0.exe,12748177,957020,25968640,0,0,4096,13975552,0,0,0,0,290,26795814,84,24491264,0,0,33088,0,0,0,0,512,15772,13975552,1360,25377040,4194304,64,24491352,332,267,0,14,6,6,0,28,0,0,5,0,0,215224,25751552,11488,26772992,4096,13970944,1024,4096,1048576,26927104,12944896,224,4096,1048576,0,2,24,24491592,144,3,4,0,0,0,0,352,64,65535,0,0,0,0,184,0
Bandizip.x64-v7.42.exe,2075936,8844,3530752,0,0,4096,0,0,0,0,0,34,3488436,84,2866448,96,3158952,49504,65772,3272704,0,0,512,4200,2383872,280,3159568,5368709120,320,2535680,34404,523,0,14,6,6,0,44,0,0,9,0,0,173320,3354624,23408,3462656,4096,2376704,1024,4096,1048576,3543040,1136128,240,4096,1048576,0,2,40,2866944,144,3,4,0,0,0,0,280,64,65535,0,0,0,0,184,0
Bandizip64-6.29.exe,1361792,6696,2248704,0,0,4096,0,0,0,0,0,34,2240223,84,1789104,96,1981600,49504,44256,2064384,0,0,512,3624,1589248,280,1981952,5368709120,256,1635840,34404,523,0,14,6,6,0,16,0,0,8,0,0,129720,2117632,13128,2210304,4096,1585152,1024,4096,1048576,2256896,655872,240,4096,1048576,0,2,40,1789192,144,3,4,0,0,0,0,272,64,65535,0,0,0,0,184,0
BCArchive-2.08.2.exe,653655,0,0,0,0,4096,1146880,0,0,0,0,259,1805326,0,0,0,0,32768,0,0,0,0,512,1396,1146880,200,1310656,4194304,64,1256256,332,267,0,9,5,5,0,0,0,0,5,0,0,404504,1384448,11744,1757696,4096,1141248,1024,4096,1048576,1789952,637440,224,4096,1048576,0,2,24,1256328,144,3,4,0,0,0,0,232,64,65535,0,0,0,0,184,0
BCWipe-3.50.0.17.exe,224581,19552,851968,0,0,4096,413696,0,0,0,0,258,870217,28,415136,0,0,33088,0,0,0,0,512,1344,413696,180,494516,4194304,64,468480,332,267,0,9,5,5,0,0,0,0,6,0,0,299568,548864,10552,829952,4096,409600,1024,4096,1048576,876544,450048,224,4096,1048576,0,2,24,468552,144,3,4,0,0,0,0,248,64,65535,0,0,0,0,184,0
BitQueeze-1.6.7.exe,1136912,0,0,0,0,741376,1138688,0,0,0,0,271,0,0,0,0,0,0,0,0,0,0,512,0,0,748,1148176,4194304,0,0,332,267,0,6,4,4,0,0,0,0,3,0,0,9488,1138688,0,0,4096,397312,4096,4096,1048576,1150976,12288,224,4096,1048576,737280,2,0,0,144,3,4,0,0,0,0,256,64,65535,0,0,0,0,184,0
Bitwarden-2026.3.1.exe,84487136,1049176,213757952,0,0,4096,0,0,0,0,0,34,210827558,28,202540528,1408,203263104,49504,5022204,208613376,248657,203284218,512,4760,203537936,300,203532876,5368709120,320,172400128,34404,523,0,14,10,10,0,0,0,0,14,0,0,77128,213680128,12144,210810368,4096,172245504,1536,4096,1048576,214810624,38553600,240,4096,8388608,0,2,40,202539184,120,1,4,0,0,0,0,120,64,0,0,0,0,0,0,0
bleachbit-5.0.2.exe,16037,1760,73728,0,0,4096,20480,0,0,0,0,258,130666,28,23816,0,0,33088,0,0,1876,24704,512,412,20480,280,26580,4194304,64,23624,332,267,0,14,6,6,0,44,0,0,5,0,0,32124,40960,10096,59904,4096,14848,1024,4096,1048576,77824,44032,224,4096,1048576,0,2,0,0,144,3,4,0,0,0,0,272,64,65535,0,0,0,0,184,0
bmpPacker.exe,4096,39676,958464,0,0,4096,700416,0,0,0,0,270,0,0,0,0,0,0,0,0,483,843776,512,0,0,9980,831488,4194304,0,0,332,267,0,5,4,4,0,0,0,0,8,0,0,107008,847872,0,0,4096,696320,1536,4096,1048576,999424,122880,224,8192,1048576,0,2,24,827392,80,2,4,0,0,0,0,512,64,65535,15,0,0,26,184,0
Bulambod-3.2015.06.exe,333118,12,352256,0,0,8192,335872,72,8200,0,0,258,0,0,0,0,0,34112,0,0,0,0,512,8,8192,79,333036,4194304,0,0,332,267,0,11,4,4,0,0,0,0,3,0,0,11560,335872,0,0,8192,325120,512,4096,1048576,360448,12288,224,4096,1048576,0,2,0,0,144,3,4,0,0,0,0,128,64,65535,0,0,0,0,184,0
burningstudio2026-1.27.1.exe,10682487,1929296,25821184,0,0,4096,17354752,0,0,0,0,258,26963357,84,20340448,0,0,33088,0,0,392,22619088,512,21188,17354752,920,22619480,4194304,64,20340256,332,267,0,14,6,6,0,50,0,0,6,0,0,1796600,24023040,12192,26890752,4096,17350656,1024,4096,1048576,27754496,10387968,224,4096,4194304,0,2,24,20340544,144,3,4,0,0,0,0,480,64,65535,0,0,0,0,184,0
cc2go.exe,4096,0,0,0,0,4096,81920,0,0,0,0,271,0,0,0,0,0,0,0,0,0,0,512,0,0,3999,110592,4194304,0,0,332,267,0,5,4,4,0,0,0,0,4,0,0,14924,114688,0,0,4096,77824,1024,4096,1048576,131072,23040,224,8192,1048576,0,2,0,0,80,2,4,0,0,0,0,512,64,65535,15,0,0,26,184,0
CenoCipher.exe,4768,0,0,0,0,4096,749568,0,0,0,0,783,884580,0,0,0,0,0,0,0,0,0,512,1028,885984,7104,884736,4194304,0,0,332,267,1,2,4,4,0,22,0,0,9,0,0,22488,901120,0,0,4096,744960,1024,4096,1048576,925696,844800,224,4096,2097152,56832,2,24,897024,144,3,4,0,0,0,0,128,64,65535,0,0,0,0,184,0
certutil-10.0.26.exe,6560,8428,1593344,0,0,4096,0,0,0,0,0,34,1648014,112,1384048,448,1438912,49504,36348,1544192,0,0,4096,6184,1158408,540,1442592,5368709120,328,1158080,34404,523,10,14,10,10,0,38,0,0,8,0,0,4160,1585152,0,0,4096,1142784,4096,4096,1048576,1605632,458752,240,8192,524288,0,3,0,0,144,3,4,0,0,0,0,248,64,65535,0,0,0,0,184,0
CFFiles-5.5.0.1.exe,5752,20436,1576960,0,0,4096,958464,0,0,0,0,782,1637772,0,0,0,0,0,0,0,1329,1110016,512,0,0,34404,1073152,4194304,0,0,332,267,0,5,4,4,0,0,0,0,8,0,0,462848,1114112,15248,1565696,4096,954368,1536,4096,1048576,1597440,106496,224,8192,1048576,0,2,24,1069056,80,2,4,0,0,0,0,512,64,65535,15,0,0,26,184,0
CFFiles-5.5.0.exe,5752,20436,1576960,0,0,4096,958464,0,0,0,0,782,1637772,0,0,0,0,0,0,0,1329,1110016,512,0,0,34404,1073152,4194304,0,0,332,267,0,5,4,4,0,0,0,0,8,0,0,462848,1114112,15248,1565696,4096,954368,1536,4096,1048576,1597440,106496,224,8192,1048576,0,2,24,1069056,80,2,4,0,0,0,0,512,64,65535,15,0,0,26,184,0
CFText-5.5.0.exe,5748,17884,819200,0,0,4096,274432,0,0,0,0,782,829725,0,0,0,0,0,0,0,1328,413696,512,0,0,38267,372736,4194304,0,0,332,267,0,5,4,4,0,0,0,0,8,0,0,397824,417792,15256,800256,4096,270336,1536,4096,1048576,839680,90112,224,8192,1048576,0,2,24,368640,80,2,4,0,0,0,0,512,64,65535,15,0,0,26,184,0
Challenger-2.4.33.exe,128576,9200,253952,0,0,4096,225280,0,0,0,0,782,0,0,0,0,0,0,0,0,0,0,512,0,0,6738,245760,2097152,0,0,332,267,0,2,1,5,0,52,0,0,5,0,0,1931968,266240,0,0,4096,219348,1024,4096,65536,2199552,1960960,224,16384,1048576,4436,2,0,0,10,2,4,0,0,0,0,128,64,65535,15,0,0,0,192,0
ChaosMash_v3.0-3.0.0.exe,35832,0,0,0,0,4096,143360,0,0,0,0,271,0,0,0,0,0,0,0,0,0,0,4096,1236,143360,220,168048,4194304,0,0,332,267,0,6,4,4,0,0,0,0,4,0,0,49288,208896,0,0,4096,139264,4096,4096,1048576,262144,118784,224,4096,1048576,0,2,0,0,144,3,4,0,0,0,0,232,64,65535,0,0,0,0,184,0
cipher-10.0.26.exe,4864,76,81920,0,0,4096,0,0,0,0,0,34,80825,112,48424,160,51004,49504,1092,69632,0,0,4096,1296,45392,240,51876,5368709120,320,45072,34404,523,10,14,10,10,0,38,0,0,8,0,0,2048,77824,0,0,4096,40960,4096,4096,1048576,86016,40960,240,8192,524288,0,3,0,0,144,3,4,0,0,0,0,248,64,65535,0,0,0,0,184,0
CipherShed-0.7.4.exe,472489,0,0,0,0,4096,598016,0,0,0,0,259,1557805,0,0,0,0,33024,0,0,0,0,512,1532,598016,240,733100,4194304,64,701840,332,267,0,9,5,5,0,0,0,0,4,0,0,764492,962560,13472,1521152,4096,590848,1024,4096,1048576,1728512,929280,224,4096,1048576,0,2,0,0,144,3,4,0,0,0,0,224,64,65535,0,0,0,0,184,0
ClearFiles-2.6.2.exe,2086880,152740,2146304,0,0,4096,2088960,0,0,0,0,33166,0,0,0,0,0,0,0,0,0,0,512,0,0,14166,2121728,4194304,0,0,332,267,0,2,4,4,0,25,0,0,8,0,0,322048,2301952,0,0,4096,2083328,1024,4096,1048576,2625536,514048,224,16384,1048576,0,2,24,2142208,80,2,4,0,0,0,0,256,64,65535,15,0,0,26,184,0
Cloudfogger-1.5.49.exe,1544194,111668,2969600,0,0,4096,1703936,0,0,0,0,258,3094932,28,1710512,96,2605476,33088,0,0,0,0,512,6200,1703936,400,2605856,4194304,64,2427528,332,267,0,12,6,6,0,0,0,0,5,0,0,249072,2719744,5912,3061248,4096,1697280,1024,4096,1048576,3084288,1372672,224,4096,1048576,0,2,0,0,144,3,4,0,0,0,0,280,64,65535,0,0,0,0,184,0
cn cipher-1.0.0.exe,1142526,12,1179648,0,0,8192,1146880,72,8200,0,0,258,0,28,1146880,0,0,34112,0,0,0,0,4096,8,8192,75,1142448,4194304,0,0,332,267,0,8,4,4,0,0,0,0,4,0,0,20936,1155072,0,0,8192,1134592,4096,4096,1048576,1187840,32768,224,4096,1048576,0,2,0,0,144,3,4,0,0,0,0,128,64,65535,0,0,0,0,184,0
Cobian-11.2.0.exe,325508,29792,376832,0,0,4096,327680,0,0,0,0,33166,0,0,0,0,0,0,0,0,0,0,512,892,361640,6052,360448,4194304,0,0,332,267,0,2,5,5,0,25,0,0,9,0,0,357888,409600,0,0,4096,320000,1024,4096,1048576,770048,399872,224,16384,1048576,0,2,24,372736,80,2,4,0,0,0,0,256,64,65535,15,0,0,26,184,0
Cobian.Reflector.UserInterface.exe,2589754,12,2932736,0,0,8192,2596864,72,8200,0,0,34,2935382,56,2589508,0,0,34144,0,0,0,0,512,8,8192,79,2589672,4194304,0,0,332,267,0,48,4,6,0,0,0,0,3,0,0,332388,2596864,10064,2915840,8192,2582016,512,4096,1048576,2940928,333312,224,4096,1048576,0,2,0,0,144,3,4,0,0,0,0,128,64,65535,0,0,0,0,184,0
CrococryptFile-1.0.exe,4752,0,0,0,0,4096,28672,0,0,0,0,783,105807,0,0,0,0,1344,0,0,0,0,512,388,74236,2708,73728,4194304,0,0,332,267,1,2,4,4,0,22,0,0,6,0,0,11552,77824,0,0,4096,24064,1024,4096,1048576,90112,16896,224,4096,2097152,36352,2,0,0,144,3,4,0,0,0,0,128,64,65535,0,0,0,0,184,0
Crypditor-1.2.1.exe,635864,42724,692224,0,0,4096,638976,0,0,0,0,33166,0,0,0,0,0,0,0,0,0,0,512,0,0,9992,671744,4194304,0,0,332,267,0,2,4,4,0,25,0,0,8,0,0,96768,737280,0,0,4096,632320,1024,4096,1048576,835584,177664,224,16384,1048576,0,2,24,688128,80,2,4,0,0,0,0,256,64,65535,15,0,0,26,184,0
Crypt-1.2.0.exe,15176,12,684032,0,0,4096,20480,72,20908,0,0,258,724733,28,20880,0,0,34112,0,0,0,0,512,8,20480,40,308016,4194304,0,0,332,267,0,10,5,5,0,0,1,1,4,0,0,370576,311296,936,672768,4096,12800,1024,4096,1048576,688128,658944,224,4096,1048576,0,2,0,0,144,3,4,0,0,0,0,200,64,65535,0,0,0,0,184,0
cryptainerle-19.2.0.0.exe,18014296,16,23244800,0,0,4096,5296128,0,0,0,0,782,8831257,0,0,2597,7049216,0,0,0,222729,9232384,512,0,0,668,9458261,4194304,0,0,332,267,0,5,4,5,0,0,0,0,16,0,0,148760,9465856,12016,8807440,4096,5292032,1536,4096,1048576,23248896,1720320,224,8192,1048576,0,2,24,9462016,80,2,4,0,0,0,0,512,64,65535,15,0,0,26,184,0
CrypticDisk-4.2.15.exe,3332786,270616,6914048,0,0,4096,3780608,0,0,0,0,258,7157258,56,3785536,0,0,33088,0,0,0,0,512,3480,3780608,480,4704544,4194304,64,4422944,332,267,0,12,5,5,0,0,1,1,5,0,0,2043664,4870144,50808,7105536,4096,3775488,1024,4096,1048576,7188480,3401728,224,4096,1048576,0,2,0,0,144,3,4,0,0,0,0,296,64,65535,0,0,0,0,184,0
Cryptography Studio v2.0-2.0.0.exe,223182,12,335872,0,0,8192,229376,72,8200,0,0,258,0,28,229376,0,0,34112,0,0,0,0,512,8,8192,75,223104,4194304,0,0,332,267,0,11,4,4,0,0,0,0,4,0,0,93960,237568,0,0,8192,215040,1024,4096,1048576,344064,95232,224,4096,1048576,0,2,0,0,144,3,4,0,0,0,0,128,64,65535,0,0,0,0,184,0
CryptoManager-0.3.0.exe,377950,12,524288,0,0,8192,385024,72,8200,0,0,258,0,28,377780,0,0,34112,0,0,0,0,4096,8,8192,79,377868,4194304,0,0,332,267,0,8,4,4,0,0,0,0,3,0,0,138424,385024,0,0,8192,372736,4096,4096,1048576,532480,143360,224,4096,1048576,0,2,0,0,144,3,4,0,0,0,0,128,64,65535,0,0,0,0,184,0
Cryptomator-1.19.1-x64.exe,338128,26532,942080,0,0,4096,499712,0,0,0,0,3330,57314820,84,725832,320,729220,49472,0,0,0,0,512,1036,499712,160,730752,4194304,64,669280,332,267,0,14,6,6,0,44,0,0,8,0,0,181924,757760,24736,57228040,4096,492544,1024,4096,1048576,970752,450048,224,4096,1048576,0,2,24,725952,144,3,4,0,0,0,0,272,64,65535,0,0,0,0,184,0
cryptomx-2.00.exe,21396,0,0,32,552,4096,602112,0,0,0,0,271,721516,0,0,0,0,0,0,0,0,0,4096,880,4096,40,598420,4194304,0,0,332,267,2,6,4,4,0,0,0,0,3,0,0,49704,638976,0,0,4096,598016,4096,4096,1048576,692224,90112,224,4096,1048576,0,2,0,0,144,3,4,0,0,0,0,184,64,65535,0,0,0,0,184,0
dcrypt-0.8.5.exe,68748,0,0,0,0,4096,0,0,0,0,0,35,176397,0,0,0,0,33024,1872,102400,0,0,512,1928,69632,240,87892,5368709120,0,0,34404,523,0,9,5,5,0,0,2,2,5,0,0,43920,106496,5376,140800,4096,65536,1024,4096,1048576,151552,74240,240,4096,1048576,0,2,0,0,144,3,4,0,0,0,0,232,64,65535,0,0,0,0,184,0
dcrypt-1.1.846.exe,5607,5940,159744,0,0,4096,81920,0,0,0,0,258,219685,0,0,0,0,33088,0,0,0,0,512,1032,81920,240,97996,4194304,64,97816,332,267,0,10,5,5,0,0,1,1,5,0,0,44168,114688,6440,154112,4096,74752,1024,4096,1048576,167936,78336,224,4096,1048576,0,2,0,0,144,3,4,0,0,0,0,256,64,65535,0,0,0,0,184,0
DCU-2.3.0.9.exe,757914,0,0,0,0,4096,704512,0,0,0,0,783,170281,0,0,0,0,0,0,0,0,0,512,16,757820,156,757760,4194304,0,0,332,267,2,6,4,4,3,0,0,0,3,0,0,4908,761856,0,0,4096,700416,512,4096,1048576,770048,24576,224,28672,1048576,0,2,0,0,64,1,2,0,0,0,0,64,10,65535,0,46080,52489,0,184,0
Deadbolt File Encryptor 2023-2.2.1.exe,105451,0,0,0,0,4096,233472,0,0,0,0,271,1828406,0,0,0,0,0,0,0,989,269632,4096,672,233472,120,265872,4194304,0,0,332,267,0,6,4,4,0,0,0,0,5,0,0,1495576,307200,10488,1805560,4096,229376,4096,4096,1048576,1806336,77824,224,4096,1048576,0,2,0,0,144,3,4,0,0,0,0,240,64,65535,0,0,0,0,184,0
DigiVault.exe,4752,0,0,0,0,4096,32768,0,0,0,0,783,103363,0,0,0,0,1344,0,0,0,0,512,392,78336,2728,77824,4194304,0,0,332,267,1,2,4,4,0,22,0,0,6,0,0,34112,81920,1576,65536,4096,25088,1024,4096,1048576,118784,39424,224,4096,2097152,36864,2,0,0,144,3,4,0,0,0,0,128,64,65535,0,0,0,0,184,0
DirCryptHide-1.85.exe,4552,0,0,32,544,4096,65536,0,0,0,0,271,146608,0,0,0,0,0,0,0,0,0,4096,180,4096,40,62884,4194304,0,0,332,267,1,6,4,4,85,0,0,0,3,0,0,49558,77824,0,0,4096,61440,4096,4096,1048576,131072,65536,224,4096,1048576,0,2,0,0,144,3,4,0,0,0,0,176,64,65535,0,0,0,0,184,0
DiskEncryptor-1.8.16.exe,199763,0,0,0,0,4096,286720,0,0,0,0,259,0,0,0,64,355956,0,0,0,0,0,4096,1644,286720,300,356092,4194304,64,326688,332,267,0,8,4,4,0,0,0,0,4,0,0,509088,397312,0,0,4096,282624,4096,4096,1048576,909312,622592,224,4096,1048576,0,2,0,0,144,3,4,0,0,0,0,248,64,65535,0,0,0,0,184,0
DPCRYPTO-1.0.3.EXE,615744,0,0,0,0,393216,618496,0,0,0,0,33167,0,0,0,0,0,0,0,0,0,0,512,0,0,540,622628,4194304,0,0,332,267,0,2,1,4,0,25,0,0,3,0,0,4132,618496,0,0,4096,225280,4096,4096,1048576,626688,8192,224,16384,1048576,389120,2,24,616112,80,2,4,0,0,0,0,256,64,65535,15,0,0,26,184,0
DRW-17.0.0.exe,27508,0,0,0,0,4096,0,0,0,0,0,35,155169,84,36480,0,0,33056,1308,53248,0,0,512,1136,32768,300,41704,5368709120,256,36576,34404,523,0,14,6,6,0,14,0,0,5,0,0,69216,57344,10768,114176,4096,27648,1024,4096,1048576,126976,88576,240,4096,1048576,0,2,40,36832,144,3,4,0,0,0,0,272,64,65535,0,0,0,0,184,0
dscrypt.exe,74480,0,0,0,0,53248,77824,0,0,0,0,783,0,0,0,0,0,0,0,0,0,0,512,0,0,368,79024,4194304,0,0,332,267,0,5,4,4,0,0,0,0,3,0,0,1200,77824,0,0,4096,24576,4096,4096,1048576,81920,4096,224,8192,1048576,49152,2,0,0,80,2,4,0,0,0,0,512,64,65535,15,0,0,26,184,0
Duplicati.GUI.TrayIcon-2.3.0.exe,80768,828,176128,0,0,4096,0,0,0,0,0,34,320016,112,139120,0,0,49504,5316,167936,0,0,512,1096,106496,260,153260,5368709120,320,138800,34404,523,0,14,6,6,0,44,0,0,6,0,0,87944,180224,7672,248832,4096,99328,1024,4096,1048576,270336,152576,240,4096,1572864,0,2,40,139648,144,3,4,0,0,0,0,224,64,65535,0,0,0,0,184,0
ElGamal.Tool.v1.0-1.0.0.exe,83054,12,114688,0,0,8192,73728,72,8200,0,0,258,0,0,0,0,0,34112,0,0,0,0,512,8,8192,75,82976,4194304,0,0,332,267,0,11,4,4,0,0,0,0,3,0,0,16744,90112,0,0,8192,64512,512,4096,1048576,122880,17408,224,4096,1048576,0,2,0,0,144,3,4,0,0,0,0,128,64,65535,0,0,0,0,184,0
encoder-1.0.0.exe,116798,12,131072,0,0,8192,122880,72,8200,0,0,258,0,28,116600,0,0,34112,0,0,0,0,512,8,8192,83,116712,4194304,0,0,332,267,0,11,4,4,0,0,0,0,3,0,0,760,122880,0,0,8192,109056,512,4096,1048576,139264,1536,224,4096,1048576,0,2,0,0,144,3,4,0,0,0,0,128,64,65535,0,0,0,0,184,0
Encoding Decoding Free-3.05.0.exe,11288,0,0,32,560,4096,1978368,0,0,0,0,271,2074772,0,0,0,0,0,0,0,0,0,4096,628,4096,40,1972788,4194304,0,0,332,267,3,6,4,4,5,0,0,0,3,0,0,48818,1990656,0,0,4096,1974272,4096,4096,1048576,2039808,61440,224,4096,1048576,0,2,0,0,144,3,4,0,0,0,0,192,64,65535,0,0,0,0,184,0
Encrypics-1.0.0.exe,1265614,12,1654784,0,0,8192,1269760,72,8200,0,0,258,1649999,28,1269760,0,0,34112,0,0,0,0,512,8,8192,75,1265536,4194304,0,0,332,267,0,11,4,4,0,0,0,0,4,0,0,371400,1277952,0,0,8192,1257472,1024,4096,1048576,1662976,372736,224,4096,1048576,0,2,0,0,144,3,4,0,0,0,0,128,64,65535,0,0,0,0,184,0
Encrypt-1.5.0.exe,1735752,107968,1839104,0,0,4096,1736704,0,0,0,0,33166,0,0,0,0,0,0,0,0,0,0,512,0,0,12992,1814528,4194304,0,0,332,267,0,2,4,4,0,25,0,0,8,0,0,541696,1949696,0,0,4096,1732096,1024,4096,1048576,2494464,711168,224,16384,1048576,0,2,24,1835008,80,2,4,0,0,0,0,256,64,65535,15,0,0,26,184,0
encrypt-4.0.0.exe,5167936,263764,8265728,0,0,4096,5505024,0,0,0,0,258,62443194,84,6367616,96,6777288,49472,0,0,196,6777808,512,1820,5505024,360,6778004,4194304,64,5527360,332,267,0,14,6,6,0,40,0,0,8,0,0,1318276,6946816,7864,62400032,4096,5494272,1024,4096,1048576,8531968,2964992,224,4096,1572864,0,3,24,6367744,144,3,4,0,0,0,0,256,64,65535,0,0,0,0,184,0
Encrypto-1.0.1.0.exe,0,0,0,0,0,8192,0,72,8200,0,0,46,616392,28,455076,0,0,34112,0,0,0,0,512,0,0,0,0,4194304,0,0,34404,523,0,11,4,4,0,0,0,0,3,0,0,65288,540672,13016,590336,8192,523776,512,8192,1048576,606208,589312,240,16384,4194304,0,2,0,0,144,3,4,0,0,0,0,128,64,65535,0,0,0,0,184,0
EncryptOnClick-2.4.16.exe,7186220,514044,7634944,0,0,4096,7188480,0,0,0,0,258,8500212,0,0,6836,7614464,33088,0,0,119,7622656,512,2748,7597112,18090,7593984,4194304,0,0,332,267,0,2,6,6,0,25,0,0,11,0,0,464384,8151040,21176,8443392,4096,7182336,1024,4096,1048576,8617984,1260032,224,16384,1048576,0,2,24,7630848,80,2,4,0,0,0,0,256,64,65535,15,0,0,26,184,0
EncryptShell-5.0.0.exe,4552,0,0,32,552,4096,360448,0,0,0,0,271,391391,0,0,0,0,0,0,0,0,0,4096,180,4096,40,359748,4194304,0,0,332,267,5,6,4,4,0,0,0,0,3,0,0,1992,368640,0,0,4096,356352,4096,4096,1048576,372736,12288,224,4096,1048576,0,2,0,0,144,3,4,0,0,0,0,184,64,65535,0,0,0,0,184,0
Enigma-2.1.0.exe,1974496,20088,3829760,0,0,4096,0,0,0,0,0,34,0,112,3032736,0,0,33120,127656,3440640,0,0,512,2888,2539520,260,3305652,5368709120,312,3032848,34404,523,0,14,6,6,0,29,0,0,7,0,0,249984,3575808,0,0,4096,2532864,1024,4096,1048576,3850240,1298432,240,4096,1048576,0,3,40,3033216,144,3,4,0,0,0,0,296,64,65535,0,0,0,0,184,0
Enpass-6.11.20.exe,28214287,1357780,70246400,0,0,4096,29282304,0,0,0,0,258,71581769,84,66799424,0,0,33088,0,0,0,0,512,4864,29282304,840,68455476,4194304,64,66799512,332,267,6,14,6,6,11,29,0,0,7,0,0,172600,70070272,11944,71507456,4096,29275136,1024,4096,1048576,71606272,42310656,224,4096,1048576,0,2,24,66799808,144,3,4,0,0,0,0,336,64,65535,0,0,0,0,184,0
Eraser-0.2.0.exe,15598,12,319488,0,0,8192,16384,72,8200,0,0,258,0,28,15204,0,0,34112,0,0,0,0,512,8,8192,79,15516,4194304,0,0,332,267,0,11,4,4,0,0,0,0,3,0,0,299064,16384,0,0,8192,7680,512,4096,1048576,327680,300032,224,4096,1048576,0,3,0,0,144,3,4,0,0,0,0,128,64,65535,0,0,0,0,184,0
Eraser-6.2.0.exe,906318,12,1081344,0,0,8192,909312,72,8200,0,0,34,1122615,28,905924,0,0,34144,0,0,0,0,512,8,8192,79,906236,4194304,0,0,332,267,0,48,4,6,0,0,0,0,3,0,0,165728,909312,10320,1065472,8192,898560,512,4096,1048576,1089536,166400,224,4096,1048576,0,2,0,0,144,3,4,0,0,0,0,128,64,65535,0,0,0,0,184,0
FastCryptor-2.43.17.exe,858304,0,0,0,0,712704,864256,0,0,0,0,33167,268755,0,0,0,0,0,0,0,0,0,512,0,0,768,930740,4194304,0,0,332,267,0,2,5,5,0,25,0,0,3,0,0,66484,864256,0,0,4096,151552,512,4096,1048576,933888,69632,224,16384,1048576,708608,2,24,861296,80,2,4,0,0,0,0,64,64,65535,15,0,0,26,184,0
File Mask-1.2.2.exe,4789867,39012,5394432,0,0,4345856,3915776,0,0,0,0,782,3238259,0,0,0,0,0,0,0,108,3923968,4096,960,5197824,120,5327976,4194304,0,0,332,267,0,83,4,4,0,82,0,0,13,0,0,163276,7229440,7920,3178496,4096,815104,4096,4096,1048576,7393280,2338816,224,262144,262144,0,2,24,3915776,80,2,4,0,0,0,0,544,64,65535,15,0,0,26,184,0
file-lock-pea.exe,5520,0,0,0,0,4096,49152,0,0,0,0,783,97356,0,0,0,0,1344,0,0,0,0,512,528,107164,3624,106496,4194304,0,0,332,267,1,2,4,4,0,22,0,0,9,0,0,6788,118784,0,0,4096,44032,1024,4096,1048576,126976,24576,224,4096,2097152,38912,2,24,114688,144,3,4,0,0,0,0,128,64,65535,0,0,0,0,184,0
FileBackup-2.8.4.exe,1025024,62596,1081344,0,0,4096,1028096,0,0,0,0,33166,0,0,0,0,0,0,0,0,0,0,512,0,0,11278,1060864,4194304,0,0,332,267,0,2,4,4,0,25,0,0,8,0,0,228352,1146880,0,0,4096,1021440,1024,4096,1048576,1376256,326144,224,16384,1048576,0,2,24,1077248,80,2,4,0,0,0,0,256,64,65535,15,0,0,26,184,0
FileCrypt-1.0.2.exe,48174,12,81920,0,0,8192,49152,72,8200,0,0,270,0,28,47972,0,0,1024,0,0,0,0,4096,8,8192,79,48092,4194304,0,0,332,267,0,8,4,4,0,0,0,0,3,0,0,26584,49152,0,0,8192,40960,4096,4096,1048576,90112,32768,224,4096,1048576,0,2,0,0,144,3,4,0,0,0,0,128,64,65535,0,0,0,0,184,0
FileEncrypt-1.2.0.exe,883856,0,0,0,0,536576,884736,0,0,0,0,33167,0,0,0,0,0,0,0,0,0,0,512,0,0,616,912412,4194304,0,0,332,267,0,2,4,4,0,25,0,0,3,0,0,27676,884736,0,0,4096,348160,4096,4096,1048576,913408,28672,224,16384,1048576,532480,2,24,884296,80,2,4,0,0,0,0,256,64,65535,15,0,0,26,184,0
FileGuard-4.5.3.exe,4752,0,0,0,0,4096,24576,0,0,0,0,783,256174,0,0,0,0,1344,0,0,0,0,512,388,70140,2708,69632,4194304,0,0,332,267,1,2,4,4,0,22,0,0,6,0,0,167284,73728,0,0,4096,18432,1024,4096,1048576,241664,172544,224,4096,2097152,36864,2,0,0,144,3,4,0,0,0,0,128,64,65535,0,0,0,0,184,0
FileRandomizer-2.1.0.exe,94607,0,0,0,0,4096,212992,0,0,0,0,271,0,0,0,0,0,0,0,0,0,0,4096,1372,212992,280,249592,4194304,0,0,332,267,0,6,4,4,0,0,0,0,4,0,0,14464,290816,0,0,4096,208896,4096,4096,1048576,307200,94208,224,4096,1048576,0,2,0,0,144,3,4,0,0,0,0,232,64,65535,0,0,0,0,184,0
FileShredder-2.4.1.exe,542244,34684,581632,0,0,4096,544768,0,0,0,0,33166,0,0,0,0,0,0,0,0,0,0,512,0,0,9626,561152,4194304,0,0,332,267,0,2,4,4,0,25,0,0,8,0,0,299520,618496,0,0,4096,538624,1024,4096,1048576,921600,352768,224,16384,1048576,0,2,24,577536,80,2,4,0,0,0,0,256,64,65535,15,0,0,26,184,0
file_shredder-2.5.5.exe,1684096,99476,1761280,0,0,4096,1687552,0,0,0,0,33166,0,0,0,0,0,0,0,0,0,0,512,2384,1739628,15680,1736704,4194304,0,0,332,267,0,2,5,5,0,25,0,0,9,0,0,635392,1863680,0,0,4096,1677312,1024,4096,1048576,2502656,776192,224,16384,1048576,0,2,24,1757184,80,2,4,0,0,0,0,256,64,65535,15,0,0,26,184,0
FinalCrypt.exe,8092,68,57344,0,0,4096,0,0,0,0,0,34,0,28,13344,0,0,33120,708,24576,0,0,512,568,12288,220,15628,5368709120,256,13376,34404,523,0,14,6,6,0,16,0,0,6,0,0,27384,28672,0,0,4096,7680,1024,4096,1048576,61440,35328,240,4096,1048576,0,2,0,0,144,3,4,0,0,0,0,232,64,65535,0,0,0,0,184,0
FortPortable.exe,163658,28976,1028096,0,0,4096,585728,0,0,0,0,290,1044727,28,601024,0,0,32832,0,0,0,0,512,2180,585728,380,762956,4194304,64,673904,332,267,0,12,5,5,0,0,1,1,5,0,0,212740,815104,0,0,4096,581120,1024,4096,4194304,1060864,452096,224,4096,4194304,0,2,0,0,144,3,4,0,0,0,0,272,64,65535,0,0,0,0,184,0
fprotect-4.0.0.exe,3995952,324576,4780032,0,0,4096,3997696,0,0,0,0,33166,0,0,0,2058,4767744,0,0,0,0,0,512,2696,4750340,17690,4747264,4194304,0,0,332,267,0,2,5,5,0,25,0,0,10,0,0,1687040,5107712,0,0,4096,3989504,1024,4096,1048576,6795264,2139136,224,16384,1048576,0,2,24,4775936,80,2,4,0,0,0,0,256,64,65535,15,0,0,26,184,0
Free AVFileCrypter-1.47.exe,8568,0,0,32,560,4096,364544,0,0,0,0,271,503168,28,4752,0,0,0,0,0,0,0,4096,648,4096,40,358068,4194304,0,0,332,267,1,6,4,4,4700,0,0,0,3,0,0,73636,376832,0,0,4096,360448,4096,4096,1048576,450560,86016,224,4096,1048576,0,2,0,0,144,3,4,0,0,0,0,192,64,65535,0,0,0,0,184,0
Free BitLocker Manager-2.0.0.exe,418126,12,647168,0,0,8192,425984,72,8200,0,0,258,0,0,0,0,0,34112,0,0,0,0,512,8,8192,74,418052,4194304,0,0,332,267,0,8,4,4,0,0,0,0,3,0,0,214896,425984,0,0,8192,410112,512,4096,1048576,655360,215552,224,4096,1048576,0,2,0,0,144,3,4,0,0,0,0,128,64,65535,0,0,0,0,184,0
FreeArc.exe,4752,0,0,0,0,4096,3035136,0,0,0,0,815,3328507,0,0,0,0,0,0,0,0,0,512,0,0,19196,3555328,4194304,0,0,332,267,1,2,4,4,0,56,0,0,6,0,0,20676,3575808,0,0,4096,3031040,1024,4096,1048576,3600384,3323392,224,4096,2097152,264704,2,0,0,144,3,4,0,0,0,0,128,64,65535,0,0,0,0,184,0
Freeraser-1.0.0.exe,193049,9120,1908736,0,0,4096,258048,0,0,0,0,258,1964690,0,0,96,285268,33088,0,0,0,0,512,1260,258048,260,285644,4194304,64,271024,332,267,0,9,5,5,0,0,0,0,5,0,0,1591584,315392,0,0,4096,250368,1024,4096,1048576,1929216,1651712,224,4096,1048576,0,2,0,0,144,3,4,0,0,0,0,232,64,65535,0,0,0,0,184,0
Gemc-2.0.0.exe,22569,3604,1323008,0,0,4096,57344,0,0,0,0,258,327338,28,57904,0,0,33088,0,0,0,0,512,496,57344,160,69596,4194304,64,68016,332,267,0,10,5,5,0,0,1,1,5,0,0,182376,1138688,0,0,4096,50688,1024,4096,1048576,1335296,211456,224,4096,1048576,0,2,0,0,144,3,4,0,0,0,0,224,64,65535,0,0,0,0,184,0
GoFileEncoder_portable_windows_amd64.exe,488736,29172,4468736,0,0,4096,0,0,0,0,0,34,0,0,0,0,0,33120,30720,3182592,0,0,512,376,2675904,1342,4464640,5368709120,0,0,34404,523,1,3,6,6,0,0,1,1,16,4263,4154368,0,0,0,0,4096,1253888,1536,4096,1048576,4706304,200192,240,4096,2097152,0,3,0,0,144,3,4,0,0,0,0,128,64,65535,0,0,0,0,139,0
GoodSync-12.9.28.exe,5842244,0,0,0,0,4096,0,0,0,0,0,35,19311654,84,13697936,0,0,33056,353244,15720448,0,0,512,6000,10657792,480,14908424,5368709120,320,13697616,34404,523,0,14,6,6,0,44,0,0,6,0,0,3779976,16080896,11864,19243008,4096,10650112,1024,4096,1048576,19861504,9195008,240,4096,8388608,0,2,40,13698432,144,3,4,0,0,0,0,320,64,65535,0,0,0,0,184,0
gpg-2.5.18.exe,5344,0,0,0,0,4096,0,0,0,0,0,559,1395478,0,0,0,0,0,21180,1286144,0,0,512,3976,1360012,18932,1355776,4194304,0,0,34404,523,0,2,4,5,0,35,0,2,10,0,0,12984,1384448,10480,1357824,4096,1038336,1024,4096,1048576,1400832,1356800,240,4096,2097152,14848,3,40,1273472,144,3,4,0,0,0,0,128,64,65535,0,0,0,0,184,0
GuardAxon.exe,3344109,0,0,0,0,4096,2076672,0,0,0,0,33679,0,0,0,0,0,0,0,0,0,0,512,0,0,112,3342336,4194304,0,0,332,267,0,2,4,4,0,25,0,0,10,0,0,561672,2211840,0,0,4096,2068992,1024,4096,1048576,3379200,644096,224,16384,1048576,0,2,24,3355029,80,2,4,0,0,0,0,256,64,65535,15,0,0,26,184,0
GullLocker-1.2.0.exe,1680944,0,0,0,0,4096,1683456,0,0,0,0,783,2293530,0,0,0,0,0,0,0,0,0,512,1900,2181172,200,2179072,4194304,0,0,332,267,1,2,4,4,0,22,0,0,7,0,0,96616,2191360,0,0,4096,1677312,1024,4096,1048576,2289664,566272,224,4096,16777216,30208,2,24,1744416,144,3,4,0,0,0,0,128,64,65535,0,0,0,0,184,0
gzip-1.3.12.exe,4736,0,0,0,0,4096,57344,0,0,0,0,783,85351,0,0,0,0,0,0,0,0,0,512,0,0,1804,405504,4194304,0,0,332,267,1,2,4,4,3,56,0,0,6,0,0,3836,409600,0,0,4096,52224,1024,4096,1048576,413696,14848,224,4096,2097152,332800,3,0,0,144,3,4,0,0,0,0,128,64,65535,0,0,0,0,184,0
HandyBackup8-8.6.8.exe,1529112,175148,2740224,0,0,4096,1761280,0,0,0,0,258,2929711,84,2051744,0,0,33088,0,0,19916,2292720,512,7864,1761280,820,2312636,4194304,64,2051552,332,267,0,14,6,6,0,44,0,0,5,0,0,274968,2461696,10584,2889728,4096,1757184,1024,4096,1048576,2916352,1147392,224,4096,1048576,0,2,24,2051840,144,3,4,0,0,0,0,344,64,65535,0,0,0,0,184,0
hwgui-5.2.1.exe,711528,7620,2572288,0,0,4096,0,0,0,0,0,34,2446314,28,1998016,0,0,33120,39144,2404352,0,0,512,10192,802816,420,2170012,5368709120,148,1998048,34404,523,0,14,6,6,0,0,0,0,8,0,0,118008,2453504,11392,2403840,4096,796160,1024,4096,1048576,2580480,1762816,240,4096,1048576,0,2,40,1998200,144,3,4,0,0,0,0,280,64,65535,0,0,0,0,184,0
hwipe-5.2.1.exe,464560,6144,1261568,0,0,4096,0,0,0,0,0,34,1114576,56,910224,0,0,33120,36948,1208320,0,0,512,1344,782336,100,1026276,5368709120,148,910288,34404,523,0,14,6,6,0,0,0,0,8,0,0,1296,1257472,11392,1086976,4096,776192,1024,4096,1048576,1269760,471040,240,4096,1048576,0,3,40,910440,144,3,4,0,0,0,0,280,64,65535,0,0,0,0,184,0
inKeyLauncher-1.0.5.exe,36142,12,49152,0,0,8192,40960,72,8200,0,0,258,0,28,35748,0,0,34112,0,0,0,0,512,8,8192,79,36060,4194304,0,0,332,267,0,11,4,4,0,0,0,0,3,0,0,1624,40960,0,0,8192,28160,512,4096,1048576,57344,2560,224,4096,1048576,0,2,0,0,144,3,4,0,0,0,0,128,64,65535,0,0,0,0,184,0
isprotector_c-2.8.1.exe,5867966,12,5914624,0,0,8192,5873664,72,8200,0,0,270,5948471,0,0,0,0,0,0,0,0,0,512,8,8192,75,5867888,4194304,0,0,332,267,0,6,4,4,0,0,0,0,4,0,0,28716,5881856,5968,5891072,8192,5859840,1024,4096,1048576,5922816,30208,224,4096,1048576,0,2,0,0,144,3,4,0,0,0,0,128,64,65535,0,0,0,0,184,0
IZArc-4.6.0.exe,2011580,132324,2543616,0,0,4096,2015232,0,0,0,0,33166,0,0,0,0,0,320,0,0,0,0,512,2460,2522060,16192,2519040,4194304,0,0,332,267,0,2,5,5,0,25,0,0,9,0,0,719360,2678784,0,0,4096,2004992,1024,4096,1048576,3399680,918528,224,16384,1048576,0,2,24,2539520,80,2,4,0,0,0,0,256,64,65535,15,0,0,26,184,0
Jade Encryption-1.1.0.exe,160722,12,188416,0,0,8192,163840,72,8200,0,0,34,0,28,160476,0,0,34144,0,0,0,0,512,8,8192,79,160639,4194304,0,0,332,267,0,48,4,6,0,0,0,0,3,0,0,18628,163840,0,0,8192,152576,512,4096,1048576,196608,19456,224,4096,1048576,0,2,0,0,144,3,4,0,0,0,0,128,64,65535,0,0,0,0,184,0
KeePass-1.43.exe,474773,73804,2138112,0,0,4096,1273856,0,0,0,0,258,2256869,0,0,64,1515444,33088,0,0,0,0,512,2392,1273856,360,1515580,4194304,64,1403160,332,267,0,9,5,5,0,0,0,0,5,0,0,534092,1601536,20832,2200576,4096,1268736,1024,4096,1048576,2236416,930816,224,4096,1048576,0,2,0,0,144,3,4,0,0,0,0,248,64,65535,0,0,0,0,184,0
KeePass-2.61.exe,3180298,12,3260416,0,0,8192,3186688,72,8200,0,0,34,3280869,28,3179904,0,0,34112,0,0,0,0,512,8,8192,79,3180216,4194304,0,0,332,267,0,48,4,4,0,0,0,0,3,0,0,67124,3186688,20832,3243520,8192,3174912,512,4096,1048576,3268608,68096,224,4096,1048576,0,2,0,0,144,3,4,0,0,0,0,128,64,65535,0,0,0,0,184,0
KeePassXC-2.7.12.exe,2186000,25964,5677056,0,0,4096,0,0,0,0,0,34,5737734,28,4578560,0,0,49504,81564,5332992,2252,4949888,512,31744,2318336,1120,4952140,5368709120,320,4578240,34404,523,0,14,6,6,0,50,0,0,6,0,0,260896,5414912,10536,5689856,4096,2313728,1024,4096,1048576,5705728,3381760,240,4096,1048576,0,2,40,4578688,144,3,4,0,0,0,0,272,64,65535,0,0,0,0,184,0
KillDisk-26.0.15.exe,4136340,54320,15454208,0,0,4096,0,0,0,0,0,34,15530977,84,14158096,0,0,33120,170304,15175680,0,0,512,28408,4734976,640,14804360,5368709120,320,14157776,34404,523,0,14,6,6,0,35,0,0,7,0,0,101776,15351808,11216,15470080,4096,4730880,1024,4096,1048576,15511552,10762240,240,4096,1048576,0,2,40,14158208,144,3,4,0,0,0,0,312,64,65535,0,0,0,0,184,0
kleopatra-5.0.2.exe,5072,38828,5603328,0,0,4096,0,0,0,0,0,558,5635661,0,0,0,0,352,105888,4644864,0,0,512,27888,5091288,224184,5062656,5368709120,0,0,34404,523,0,2,4,5,0,44,0,2,11,0,5615616,309664,5292032,10480,5615632,4096,4045824,1024,4096,1048576,5644288,1568768,240,4096,2097152,5632,2,40,4456384,144,3,4,0,0,0,0,128,64,65535,0,0,0,0,184,0
KPKFile-17.5.exe,1901194,12,1933312,0,0,8192,1908736,72,8200,0,0,34,0,0,0,0,0,34144,0,0,0,0,512,8,8192,79,1901112,285212672,0,0,332,267,0,80,4,6,0,0,0,0,3,0,0,17572,1908736,0,0,8192,1893376,512,4096,1048576,1941504,18432,224,4096,1048576,0,2,0,0,144,3,4,0,0,0,0,128,64,65535,0,0,0,0,184,0
KrCC-1.36.1.exe,84694,0,0,0,0,4096,253952,0,0,0,0,271,0,0,0,0,0,0,0,0,0,0,4096,2168,253952,240,314744,4194304,0,0,332,267,0,6,4,4,0,0,0,0,4,0,0,509576,360448,0,0,4096,249856,4096,4096,1048576,872448,618496,224,4096,1048576,0,2,0,0,144,3,4,0,0,0,0,304,64,65535,0,0,0,0,184,0
KryptoFiler-1.0.2.exe,3529944,249760,3706880,0,0,4096,3530752,0,0,0,0,33166,0,0,0,2470,3690496,0,0,0,97,3694592,512,2420,3677012,15708,3674112,4194304,0,0,332,267,0,2,5,5,0,25,0,0,11,0,0,299008,3956736,0,0,4096,3524608,1024,4096,1048576,4255744,658944,224,16384,1048576,0,2,24,3702784,80,2,4,0,0,0,0,256,64,65535,15,0,0,26,184,0
kryptor-4.1.1.exe,6094480,32300,9879552,0,0,4096,0,0,0,0,0,34,0,84,7382704,96,7955620,49504,221436,8101888,196,7956208,512,3784,6410240,360,7956404,5368709120,320,6440256,34404,523,0,14,6,6,0,40,0,0,10,0,0,1458832,8417280,0,0,4096,6400512,1024,4096,1048576,9912320,3390464,240,4096,1572864,0,3,40,7383168,144,3,4,0,0,0,0,256,64,65535,0,0,0,0,184,0
lazarcrypt-1.3.0.exe,80875,9768,225280,0,0,4096,155648,0,0,0,0,258,0,0,0,0,0,33088,0,0,0,0,512,452,155648,120,171948,4194304,64,166312,332,267,0,9,5,5,0,0,0,0,5,0,0,7480,217088,0,0,4096,151040,1024,4096,1048576,241664,80384,224,4096,1048576,0,2,0,0,144,3,4,0,0,0,0,224,64,65535,0,0,0,0,184,0
LCrypt-1.2.1.exe,194526,12,204800,0,0,8192,196608,72,8200,0,0,34,0,28,194132,0,0,34144,0,0,0,0,512,8,8192,79,194444,4194304,0,0,332,267,0,48,4,6,0,0,0,0,3,0,0,1596,196608,0,0,8192,186880,512,4096,1048576,212992,2560,224,4096,1048576,0,2,0,0,144,3,4,0,0,0,0,128,64,65535,0,0,0,0,184,0
MasterCipher-1.0.0.exe,800814,12,1572864,0,0,8192,802816,72,8200,0,0,258,0,28,800560,0,0,34112,0,0,0,0,512,8,8192,83,800728,4194304,0,0,332,267,0,8,4,4,0,0,0,0,3,0,0,762888,802816,0,0,8192,793088,512,4096,1048576,1581056,763904,224,4096,1048576,0,2,0,0,144,3,4,0,0,0,0,128,64,65535,0,0,0,0,184,0
MEGAsync-6.2.2.exe,347296,206036,62128128,0,0,4096,0,0,0,0,0,34,58851727,56,50842100,0,0,33120,1420176,59838464,346,54915056,512,41400,61325312,860,61366712,5368709120,312,50842160,34404,523,0,14,6,6,0,29,0,0,10,0,0,518040,61607936,13024,58832384,4096,38138368,1024,4096,1048576,62517248,20692992,240,4096,1048576,0,2,40,50917152,144,3,4,0,0,0,0,352,64,65535,0,0,0,0,184,0
Melgo-61.0.0.EXE,75472,6288,155648,0,0,4096,139264,0,0,0,0,782,0,0,0,0,0,0,0,0,0,0,512,0,0,5340,147456,2097152,0,0,332,267,0,2,1,4,0,52,0,0,5,0,0,1748,163840,0,0,4096,133720,1024,4096,65536,167936,19968,224,16384,1048576,2524,2,0,0,10,2,4,0,0,0,0,128,64,65535,15,0,0,0,192,0
meo-nch-2.17.exe,370512,0,0,0,0,4096,4096,0,0,0,0,259,1080361,28,5856,0,0,0,0,0,0,0,512,1652,4096,320,143544,4194304,64,141384,332,267,0,8,4,4,0,0,0,0,3,0,0,576980,462848,14360,1017856,4096,0,1024,4096,1048576,1040384,1016832,224,4096,1048576,0,2,0,0,144,3,4,0,0,0,0,264,64,65535,0,0,0,0,184,0
Multicrypt.exe,4096,0,0,0,0,4096,946176,0,0,0,0,33166,399347,0,0,0,0,0,0,0,0,0,512,0,0,642,2389732,4194304,0,0,332,267,0,2,4,4,0,25,0,0,2,0,0,5492,2383872,0,0,4096,941056,1024,4096,1048576,2396160,215040,224,16384,1048576,0,2,48,2393624,80,2,4,0,0,0,0,256,64,65535,15,0,0,26,184,0
NordLocker-5.3.20.0.exe,70560,792,159744,0,0,4096,0,0,0,0,0,34,420480,84,119600,0,0,49504,5052,147456,0,0,512,1040,98304,260,132908,5368709120,320,119280,34404,523,0,14,6,6,0,38,0,0,7,0,0,18660,163840,12048,404576,4096,92672,1024,4096,1048576,184320,70656,240,4096,1572864,0,2,40,120064,144,3,4,0,0,0,0,240,64,65535,0,0,0,0,184,0
NordPass-7.6.14.exe,89794848,1168440,225685504,0,0,4096,0,0,0,0,0,34,222746951,28,213596800,1632,214361648,49504,5270136,220299264,254358,214385004,512,4344,214643872,160,214639364,5368709120,320,182242752,34404,523,0,14,10,10,0,0,0,0,14,0,0,72056,225611776,12104,222715392,4096,182088192,1536,4096,1048576,226856960,40615936,240,4096,8388608,0,2,40,213595456,120,1,4,0,0,0,0,120,64,0,0,0,0,0,0,0
NovaBackX-21.2.804.exe,1671548,38192,3305472,0,0,4096,0,0,0,0,0,34,3248458,84,2369504,0,0,33120,96912,3022848,0,0,512,13936,1925120,740,2806904,5368709120,256,2369600,34404,523,0,14,6,6,0,16,0,0,6,0,0,181784,3121152,14120,3210240,4096,1920512,1024,4096,1048576,3346432,1411072,240,4096,1048576,0,2,40,2369856,144,3,4,0,0,0,0,304,64,65535,0,0,0,0,184,0
Omziff.exe,1212417,8,1216340,0,0,4096,954368,0,0,0,0,33166,0,0,0,0,0,0,0,0,0,0,512,0,0,872,1216428,4194304,0,0,332,267,0,2,4,4,0,25,0,0,10,0,0,105472,1105920,0,0,4096,949248,1024,4096,1048576,1224704,228352,224,16384,1048576,0,2,24,1216316,80,2,4,0,0,0,0,256,64,65535,15,0,0,26,184,0
openssl-3.0.19.exe,382572,11216,729088,0,0,4096,0,0,0,0,0,34,0,84,602800,0,0,33120,10716,712704,80,616944,512,13168,385024,340,617024,5368709120,312,602896,34404,523,0,14,5,5,0,29,2,2,6,0,0,960,724992,0,0,4096,380928,1024,4096,1048576,741376,345088,240,4096,1048576,0,3,0,0,144,3,4,0,0,0,0,256,64,65535,0,0,0,0,184,0
openssl-3.3.6.exe,414396,11540,786432,0,0,4096,0,0,0,0,0,34,0,84,652080,0,0,33120,11364,770048,80,666592,512,13672,417792,340,666672,5368709120,320,651760,34404,523,0,14,5,5,0,41,2,2,6,0,0,952,782336,0,0,4096,412160,1024,4096,1048576,798720,373248,240,4096,1048576,0,3,0,0,144,3,4,0,0,0,0,264,64,65535,0,0,0,0,184,0
openssl-3.6.1.exe,439340,12112,839680,0,0,4096,0,0,0,0,0,34,0,84,693008,0,0,33120,12468,819200,80,709024,512,14224,442368,340,709104,5368709120,320,692688,34404,523,0,14,5,5,0,41,2,2,6,0,0,952,835584,0,0,4096,437248,1024,4096,1048576,851968,400384,240,4096,1048576,0,3,0,0,144,3,4,0,0,0,0,264,64,65535,0,0,0,0,184,0
OW Shredder-6.45.872.exe,1403118,16384,1753088,0,0,8192,1409024,0,0,0,0,258,2039471,0,0,0,0,34112,0,0,0,0,512,8,8192,5004,1720320,4194304,0,0,332,267,0,11,4,4,0,0,0,0,5,0,0,71952,1409024,3672,2009600,8192,1395200,8192,8192,2097152,1769472,72704,224,8192,2097152,0,2,24,1490944,144,3,4,0,0,0,0,128,64,65535,0,0,0,0,184,0
paragon_backup-18.9.0.exe,5371,2744,610304,0,0,4096,0,0,0,0,0,34,597354,56,243968,0,0,33120,7908,299008,0,0,512,11120,311296,380,322416,5368709120,320,243584,34404,523,0,14,6,6,0,44,0,0,10,0,0,204912,401408,10664,581120,4096,205824,1024,4096,1048576,618496,376320,240,4096,1048576,0,2,40,245664,144,3,4,0,0,0,0,280,64,65535,0,0,0,0,184,0
pCloud-5.0.20.exe,75200,828,167936,0,0,4096,0,0,0,0,0,34,0,112,130704,0,0,49504,5184,159744,0,0,512,1088,98304,260,144492,5368709120,320,130384,34404,523,0,14,6,6,0,44,0,0,6,0,0,235528,172032,0,0,4096,93696,1024,4096,1048576,409600,300032,240,4096,1572864,0,2,40,131200,144,3,4,0,0,0,0,240,64,65535,0,0,0,0,184,0
PDF Password Eliminator +-1.0.0.exe,257206,12,327680,0,0,8192,262144,72,8200,0,0,34,0,56,256924,0,0,34144,0,0,0,0,512,8,8192,79,257124,4194304,0,0,332,267,0,80,4,6,0,0,0,0,3,0,0,57392,262144,0,0,8192,249344,512,4096,1048576,335872,58368,224,4096,1048576,0,2,0,0,144,3,4,0,0,0,0,128,64,65535,0,0,0,0,184,0
PDFEncrypt-1.1.0.exe,47698,12,57344,0,0,8192,49152,72,8200,0,0,34,0,28,47304,0,0,34144,0,0,0,0,512,8,8192,79,47616,4194304,0,0,332,267,0,48,4,6,0,0,0,0,3,0,0,6068,49152,0,0,8192,39936,512,4096,1048576,65536,6656,224,4096,1048576,0,2,0,0,144,3,4,0,0,0,0,128,64,65535,0,0,0,0,184,0
peazip-10.9.0.WIN64.exe,71644,0,0,0,0,4096,73728,0,0,0,0,33167,0,0,0,0,0,33088,0,0,0,0,512,532,103172,3588,102400,4194304,0,0,332,267,6,2,5,5,0,25,0,0,8,0,0,75496,114688,0,0,4096,66560,1024,4096,1048576,192512,83968,224,16384,1048576,0,2,24,110592,80,2,4,0,0,0,0,256,64,65535,15,0,0,26,184,0
Picocrypt-1.49.exe,9358768,20,9392764,0,0,6713344,0,0,0,0,0,558,0,0,0,0,0,33120,155844,8425472,720,9195520,512,0,0,1236,9391528,5368709120,0,0,34404,523,0,2,6,6,0,44,1,1,3,0,0,28072,9363456,0,0,4096,2650112,512,4096,1048576,9396224,32768,240,4096,2097152,6709248,2,40,9361896,144,3,4,0,0,0,0,128,64,65535,0,0,0,0,184,0
Pixeloid-1.0.0.exe,557742,12,663552,0,0,8192,565248,72,8200,0,0,258,0,28,565248,0,0,34144,0,0,0,0,512,8,8192,87,557652,4194304,0,0,332,267,0,11,4,6,0,0,0,0,4,0,0,85432,573440,0,0,8192,549888,1024,4096,1048576,671744,86528,224,4096,1048576,0,2,0,0,144,3,4,0,0,0,0,128,64,65535,0,0,0,0,184,0
powerarc-22.10.2.exe,34313680,1510116,45948928,0,0,4096,0,0,0,19,45944872,34,54060646,0,0,19094,45916160,320,1411308,47460352,158,45936640,512,8200,45887960,35580,45879296,4194304,0,0,34404,523,0,8,6,6,0,0,0,0,11,0,0,13411328,48873472,21128,54006784,4096,34661888,1024,8192,1048576,62287872,19343872,240,16384,5242880,0,2,40,45944832,80,2,4,0,0,0,0,256,64,65535,15,0,0,26,184,0
ppenc14-1.4.0.exe,2088961,8,2092976,0,0,4096,1417216,0,0,0,0,33166,0,0,0,0,0,0,0,0,0,0,512,0,0,1040,2093064,4194304,0,0,332,267,0,2,4,4,0,25,0,0,11,0,0,458752,1630208,0,0,4096,1410560,1024,4096,1048576,2101248,596480,224,16384,1048576,0,2,24,2092952,80,2,4,0,0,0,0,256,64,65535,15,0,0,26,184,0
privatefile-1.00.exe,15868,0,0,32,552,4096,929792,0,0,0,0,271,947377,0,0,0,0,0,0,0,0,0,4096,640,4096,40,924932,4194304,0,0,332,267,1,6,4,4,0,0,0,0,3,0,0,4280,942080,2768,942080,4096,925696,4096,4096,1048576,950272,20480,224,4096,1048576,0,2,0,0,144,3,4,0,0,0,0,184,64,65535,0,0,0,0,184,0
PrivaZer-4.0.120.exe,6658384,349328,6991872,0,0,4096,6676480,0,0,0,0,33166,35619525,0,0,0,0,0,0,0,79,6979584,512,0,0,20752,6955008,4194304,0,0,332,267,0,2,4,4,0,25,0,0,9,0,0,28453199,7344128,23128,35578368,4096,6670848,1024,4096,1048576,35799040,28906496,224,16384,4194304,0,2,24,6987776,80,2,4,0,0,0,0,256,64,65535,15,0,0,26,184,0
pwsafe-3.71.0.exe,4309936,98648,6787072,0,0,4096,0,0,0,0,0,34,6855153,112,5401568,0,0,49504,164268,6021120,0,0,512,6384,4698112,580,5888552,5368709120,320,5401248,34404,523,0,14,6,6,0,44,0,0,7,0,0,590832,6193152,9888,6812672,4096,4692480,1024,4096,1048576,6889472,2173952,240,4096,1048576,0,2,40,5402112,144,3,4,0,0,0,0,288,64,65535,0,0,0,0,184,0
Quickhash-GUI-3.3.1.exe,12288,0,0,0,0,4096,0,0,0,0,0,559,0,0,0,0,0,0,245520,5808128,0,0,512,4104,6103288,240,6098944,4294967296,0,0,34404,523,1,3,4,4,0,22,0,0,8,0,0,493072,6119424,0,0,4096,3632448,1024,4096,1048576,6615040,186628,240,4096,16777216,39601,2,40,3637360,144,3,4,0,0,0,0,128,64,65535,0,0,0,0,184,0
Quickrypt-1.0.0.exe,4740,5956,245760,0,0,4096,126976,0,0,0,0,262,402010,0,0,0,0,0,0,0,1113,200704,512,524,205484,3748,204800,4194304,0,0,332,267,1,2,4,4,0,21,0,0,21,4433,253440,28232,217088,0,0,4096,122880,1536,4096,1048576,303104,226304,224,4096,2097152,4096,2,24,212992,144,3,4,0,0,0,0,128,64,65535,0,0,0,0,184,0
R-DriveImage64-7.3.7.exe,14726148,0,0,0,0,4096,0,0,0,0,0,35,48525119,28,25843472,0,0,32768,2043156,46034944,0,0,512,5856,25833472,320,45108844,5368709120,0,0,34404,523,0,9,5,5,0,0,2,2,5,0,0,659564,48078848,11896,48454144,4096,25828352,1024,4096,1048576,48742400,22624768,240,4096,1048576,0,2,0,0,144,3,4,0,0,0,0,288,64,65535,0,0,0,0,184,0
R.W. VIP Files Guard-1.0.0.exe,2310558,12,2441216,0,0,8192,2318336,72,8200,0,0,258,0,28,2318336,0,0,34112,0,0,0,0,4096,8,8192,87,2310468,4194304,0,0,332,267,0,8,4,4,0,0,0,0,4,0,0,113056,2326528,0,0,8192,2306048,4096,4096,1048576,2449408,122880,224,4096,1048576,0,2,0,0,144,3,4,0,0,0,0,128,64,65535,0,0,0,0,184,0
Reflect-8.0.7.exe,901024,8012,2383872,0,0,4096,0,0,0,0,0,34,2398467,112,1513296,0,0,33120,86640,1757184,0,0,512,4312,1282048,500,1670368,5368709120,256,1513408,34404,523,0,14,5,5,0,16,2,2,6,0,0,533808,1847296,29064,2335232,4096,1277952,1024,4096,1048576,2392064,1099776,240,4096,1048576,0,2,40,1513664,144,3,4,0,0,0,0,312,64,65535,0,0,0,0,184,0
rfwipeout-9.9.3.exe,1810850,198560,7806976,0,0,4096,3227648,0,0,0,0,258,7430653,84,6395236,384,6536916,33088,0,0,0,0,512,876,3227648,140,6545264,4194304,64,5421888,332,267,0,14,6,6,0,44,0,0,6,0,0,501440,7303168,11864,7369728,4096,3220480,1024,4096,1048576,8007680,4769280,224,4096,1048576,0,2,24,6395328,144,3,4,0,0,0,0,288,64,65535,0,0,0,0,184,0
SafeHouseExplorer-3.1.0.exe,542639,0,0,0,0,4096,2215936,0,0,0,0,259,4945702,28,2220144,96,2685692,32768,0,0,0,0,512,2620,2215936,320,2686276,4194304,0,0,332,267,0,9,5,5,0,0,0,0,4,0,0,2098524,2875392,8392,4900864,4096,2211328,1024,4096,1048576,4976640,2688512,224,4096,1048576,0,2,0,0,144,3,4,0,0,0,0,312,64,65535,0,0,0,0,184,0
SAV7V1.5.exe,45840,1880,348160,0,0,4096,0,0,0,0,0,34,40336702,28,234624,0,0,49504,8388,319488,0,0,512,1048,172032,120,245004,5368709120,320,234304,34404,523,0,14,5,5,0,34,2,2,7,0,0,11312,335872,0,0,4096,165888,1024,4096,1048576,352256,103424,240,4096,2000000,0,2,0,0,144,3,4,0,0,0,0,256,64,65535,0,0,0,0,184,0
sdelete64-2.06.exe,30000,1844,262144,0,0,4096,0,0,0,0,0,3106,266792,112,223232,0,0,49504,6948,249856,0,0,512,1080,143360,160,233804,5368709120,320,222912,34404,523,0,14,6,6,0,44,0,0,6,0,0,1352,258048,10264,246784,4096,137216,1024,4096,1048576,266240,113664,240,4096,1048576,0,3,0,0,144,3,4,0,0,0,0,280,64,65535,0,0,0,0,184,0
SecretDrive-2.02.1.exe,2208528,0,0,0,0,1347584,2211840,0,0,0,0,271,0,0,0,0,0,0,0,0,0,0,512,0,0,1060,2223236,4194304,0,0,332,267,0,7,4,4,0,10,0,0,3,0,0,11396,2211840,0,0,4096,864256,4096,4096,1048576,2228224,16384,224,4096,1048576,1343488,2,0,0,144,3,4,0,0,0,0,256,64,65535,0,0,0,0,184,0
SecureFolder-1.0.2255.exe,736926,12,745472,0,0,8192,737280,72,8200,0,0,270,0,28,710888,0,0,1024,0,0,0,0,4096,8,8192,83,736840,4194304,0,0,332,267,0,6,4,4,0,0,0,0,3,0,0,6888,737280,0,0,8192,729088,4096,4096,1048576,753664,12288,224,4096,1048576,0,2,0,0,144,3,4,0,0,0,0,128,64,65535,0,0,0,0,184,0
SecurStick-x64-1.1.4.exe,91056,1604,782336,0,0,4096,0,0,0,0,0,3106,0,28,586896,0,0,32768,30408,749568,0,0,512,1160,585728,100,720452,4194304,0,0,34404,523,0,8,4,4,0,0,0,0,6,0,0,42688,786432,0,0,4096,578560,1024,4096,1048576,831488,211456,240,4096,1048576,0,3,0,0,144,3,4,0,0,0,0,216,64,65535,0,0,0,0,184,0
sEraser-7.1.0.exe,9475452,681624,11665408,0,0,4096,9478144,0,0,0,0,258,13533632,0,0,5066,11644928,33088,0,0,138,11653120,512,4376,11617076,30070,11612160,4194304,0,0,332,267,0,2,6,6,0,25,0,0,11,0,0,3064300,12349440,11376,13491200,4096,9468416,1024,4096,1048576,15417344,4021760,224,16384,1048576,0,2,24,11661312,80,2,4,0,0,0,0,256,64,65535,15,0,0,26,184,0
Shims Any File Protector-1.0.4882.exe,240252,12,704512,0,0,221184,8192,72,688372,0,0,258,733908,0,0,0,0,34112,0,0,0,0,512,8,240236,88,240196,4194304,0,0,332,267,0,8,4,4,0,0,0,0,3,0,0,212320,8192,0,0,8192,482304,512,4096,1048576,712704,212992,224,4096,1048576,0,2,0,0,144,3,4,0,0,0,0,128,64,65535,0,0,0,0,184,0
Shredder-2.5.5.exe,1684096,99476,1761280,0,0,4096,1687552,0,0,0,0,33166,0,0,0,0,0,0,0,0,0,0,512,2384,1739628,15680,1736704,4194304,0,0,332,267,0,2,5,5,0,25,0,0,9,0,0,635392,1863680,0,0,4096,1677312,1024,4096,1048576,2502656,776192,224,16384,1048576,0,2,24,1757184,80,2,4,0,0,0,0,256,64,65535,15,0,0,26,184,0
SimpleFileEncryptor-1.4.0.exe,1725726,12,1908736,0,0,8192,1728512,72,8200,0,0,258,0,28,1728512,0,0,34112,0,0,0,0,512,8,8192,79,1725644,4194304,0,0,332,267,0,11,4,4,0,0,0,0,4,0,0,163896,1736704,0,0,8192,1717760,1024,4096,1048576,1916928,165376,224,4096,1048576,0,2,0,0,144,3,4,0,0,0,0,128,64,65535,0,0,0,0,184,0
SplashID Safe-7.2.4.exe,2623147,232060,7323648,0,0,4096,2985984,0,0,0,0,258,7857283,0,0,0,0,33088,0,0,0,0,512,3252,2985984,460,3640508,4194304,64,3377016,332,267,0,11,5,5,0,0,1,1,5,0,0,3492528,3829760,7320,7818240,4096,2978816,1024,4096,1048576,7876608,4882432,224,4096,1048576,0,2,0,0,144,3,4,0,0,0,0,280,64,65535,0,0,0,0,184,0
SplashIDDesktop-5.3.exe,1496962,0,0,0,0,4096,1703936,0,0,0,0,259,4461986,0,0,64,1975952,32768,0,0,0,0,512,2464,1703936,360,1976088,4194304,64,1858128,332,267,0,9,5,5,0,0,0,0,4,0,0,2344236,2093056,0,0,4096,1697280,1024,4096,1048576,4440064,2705920,224,4096,1048576,0,2,0,0,144,3,4,0,0,0,0,248,64,65535,0,0,0,0,184,0
SplashIDSafe-6.2.exe,2371338,192812,13062144,0,0,4096,2678784,0,0,0,0,258,13297367,28,2683952,64,3203420,33088,0,0,0,0,512,2992,2678784,400,3203596,4194304,64,2995400,332,267,0,9,5,5,0,0,0,0,5,0,0,9700476,3358720,0,0,4096,2673664,1024,4096,1048576,13324288,10594304,224,4096,1048576,0,2,0,0,144,3,4,0,0,0,0,256,64,65535,0,0,0,0,184,0
SSEFileEnc-16.0.4.exe,5520,0,0,0,0,4096,49152,0,0,0,0,783,196063,0,0,0,0,1344,0,0,0,0,512,528,107164,3624,106496,4194304,0,0,332,267,1,2,4,4,0,22,0,0,9,0,0,114072,118784,0,0,4096,44032,1024,4096,1048576,233472,131584,224,4096,2097152,38912,2,24,114688,144,3,4,0,0,0,0,128,64,65535,0,0,0,0,184,0
stpass-8.9.9.exe,12304,500,32768,0,0,4096,16384,0,0,0,0,33166,86015,0,0,0,0,33088,0,0,0,0,512,104,24740,742,24576,4194304,0,0,332,267,0,2,5,5,0,25,0,0,8,0,0,39424,36864,21000,51712,4096,7680,1024,4096,1048576,77824,43008,224,16384,1048576,0,2,0,0,80,2,4,0,0,0,0,256,64,65535,15,0,0,26,184,0
SyncBackFree-12.0.0.exe,31007128,2207156,34263040,0,0,4096,31010816,0,0,0,0,258,150490390,1,69443584,38502,34209792,33088,0,0,141,34250752,512,5164,34178672,35650,34172928,4194304,0,0,332,267,0,2,6,6,0,25,0,0,12,0,0,32972024,36470784,15832,150442952,4096,31003136,1024,4096,1048576,152510464,119438788,224,16384,1048576,0,2,24,34258944,80,2,4,0,0,0,0,256,64,65535,15,0,0,26,184,0
TBConsoleUI-18.0.0.exe,2366798,192916,3534848,0,0,4096,2605056,0,0,0,0,258,3752920,84,3008800,0,0,33088,0,0,0,0,512,11748,2605056,640,3277992,4194304,64,3008608,332,267,0,14,6,6,0,40,0,0,5,0,0,60744,3473408,10768,3717120,4096,2599936,1024,4096,1048576,3731456,1116160,224,4096,1048576,0,2,24,3009024,144,3,4,0,0,0,0,288,64,65535,0,0,0,0,184,0
textcrypt-3.0.0.exe,90896,24,1011712,0,0,4096,532480,0,0,0,0,291,601986,0,0,0,0,32768,0,0,0,0,512,0,0,143,1007924,4194304,0,0,332,267,0,9,5,5,0,0,0,0,3,0,0,151700,856064,3328,546160,4096,524800,1024,4096,4194304,1015808,137728,224,4096,4194304,0,2,0,0,144,3,4,0,0,0,0,272,64,65535,0,0,0,0,184,0
TOS File Encryptor-1.0.2.exe,566638,12,925696,0,0,8192,573440,72,8200,0,0,258,0,28,573440,0,0,34112,0,0,0,0,512,8,8192,83,566552,4194304,0,0,332,267,0,11,4,4,0,0,0,0,4,0,0,338344,581632,0,0,8192,558592,1024,4096,1048576,933888,339456,224,4096,1048576,0,2,0,0,144,3,4,0,0,0,0,128,64,65535,0,0,0,0,184,0
Tresorit-3.5.5452.exe,79426110,12,79560704,0,0,8192,0,72,8200,0,0,290,79575724,28,79425892,0,0,34144,0,0,0,0,512,8,8192,79,79426028,4194304,0,0,332,267,0,48,4,6,0,0,0,0,3,0,0,127696,79429632,12256,79547392,8192,79418368,512,4096,1048576,79568896,128512,224,4096,1048576,0,2,0,0,144,3,4,0,0,0,0,128,64,65535,0,0,0,0,184,0
TrueCrypt-7.1.exe,471591,0,0,0,0,4096,598016,0,0,0,0,259,1550787,0,0,0,0,33024,0,0,0,0,512,1540,598016,240,732588,4194304,64,701296,332,267,0,9,5,5,0,0,0,0,4,0,0,753504,958464,7632,1508864,4096,590848,1024,4096,1048576,1712128,916992,224,4096,1048576,0,2,0,0,144,3,4,0,0,0,0,240,64,65535,0,0,0,0,184,0
TrueImage-30.2.1.exe,9735836,149548,20877312,0,0,4096,0,0,0,0,0,34,22862465,84,16681600,352,18058368,33120,807228,19668992,84,18073408,512,31320,13402112,880,18073492,5368709120,320,16666304,34404,523,0,14,5,5,0,44,2,2,6,0,0,393424,20480000,10696,22803880,4096,13396480,1024,4096,1048576,21028864,7124992,240,8192,524288,0,2,40,16681728,144,3,4,0,0,0,0,328,64,65535,0,0,0,0,184,0
usbdiskguard.exe,5771265,8,5775188,0,0,4096,4894720,0,0,0,0,33166,0,0,0,0,0,0,0,0,0,0,512,0,0,40,5775276,4194304,0,0,332,267,0,2,4,4,0,25,0,0,10,0,0,374272,5394432,0,0,4096,4888576,1024,4096,1048576,5783552,832512,224,16384,1048576,0,2,24,5775164,80,2,4,0,0,0,0,256,64,65535,15,0,0,26,184,0
VaultPad.exe,3383120,0,0,0,0,2412544,3387392,0,0,0,0,783,0,0,0,0,0,0,0,0,0,0,512,0,0,696,3421284,4194304,0,0,332,267,1,2,4,4,0,21,0,0,3,0,0,33892,3387392,0,0,4096,974848,4096,4096,1048576,3424256,36864,224,4096,16777216,2408448,2,24,3383616,144,3,4,0,0,0,0,128,64,65535,0,0,0,0,184,0
VeraCrypt-1.26.24.exe,702096,5360,6287360,0,0,4096,0,0,0,0,0,34,6203031,84,1765636,416,1861656,49504,43584,2056192,0,0,512,1520,1384448,40,1871920,5368709120,320,1724336,34404,523,0,14,6,6,0,43,0,0,8,0,0,4174688,2109440,12000,6139904,4096,1377792,1024,4096,1048576,6295552,4893184,240,4096,1048576,0,2,40,1766272,144,3,4,0,0,0,0,288,64,65535,0,0,0,0,184,0
Victor's Encryption Tools-1.3.7.exe,464110,12,622592,0,0,8192,466944,72,8200,0,0,258,0,28,466944,0,0,34112,0,0,0,0,512,8,8192,87,464020,4194304,0,0,332,267,0,8,4,4,0,0,0,0,4,0,0,142984,475136,0,0,8192,456192,1024,4096,1048576,630784,144384,224,4096,1048576,0,2,0,0,144,3,4,0,0,0,0,128,64,65535,0,0,0,0,184,0
vmpcrypt.exe,908852,71468,995328,0,0,4096,942080,0,0,0,0,33166,0,0,0,0,0,0,0,0,0,0,512,0,0,9890,974848,4194304,0,0,332,267,0,2,4,4,0,25,0,0,8,0,0,480768,1069056,0,0,4096,934912,1024,4096,1048576,1552384,572416,224,65536,1048576,0,2,24,991232,80,2,4,0,0,0,0,256,64,65535,15,0,0,26,184,0
WinCrypto-2.0.1.exe,25582,0,0,0,0,4096,32768,0,0,0,0,271,0,0,0,0,0,0,0,0,0,0,4096,576,32768,200,35360,4194304,72,35264,332,267,0,7,4,4,0,10,0,0,4,0,0,10552,45056,0,0,4096,28672,4096,4096,1048576,57344,24576,224,4096,1048576,0,2,0,0,144,3,4,0,0,0,0,232,64,65535,0,0,0,0,184,0
winrar-x64-7.20.0.exe,155344,2376,561152,0,0,4096,0,0,0,0,0,34,3865441,84,316368,256,336420,49504,15792,397312,52,340368,512,1272,262144,80,340420,5368709120,320,274896,34404,523,0,14,6,6,0,44,1,1,8,0,0,137048,421888,10448,3809720,4096,256000,1024,4096,1048576,565248,286208,240,4096,1048576,0,2,40,316928,144,3,4,0,0,0,0,272,64,65535,0,0,0,0,184,0
WinUha-2.0.0.exe,1742736,0,0,0,0,1196032,1744896,0,0,0,0,33167,0,0,0,0,0,0,0,0,0,0,512,0,0,700,1776592,4194304,0,0,332,267,0,2,4,4,0,25,0,0,3,0,0,31696,1744896,0,0,4096,548864,4096,4096,1048576,1777664,32768,224,16384,1048576,1191936,2,24,1743104,80,2,4,0,0,0,0,256,64,65535,15,0,0,26,184,0
winzip-77.0.exe,1617741,164884,2650112,0,0,4096,2101248,0,0,0,0,258,2965672,56,2398560,448,2541060,33088,0,0,0,0,512,1108,2101248,240,2553420,4194304,64,2352536,332,267,0,14,6,6,0,29,0,0,6,0,0,21272,2625536,21384,2907048,4096,2095104,1024,4096,1048576,2818048,704000,224,4096,1048576,0,2,24,2398656,144,3,4,0,0,0,0,304,64,65535,0,0,0,0,184,0
WipeFile-3.6.0.exe,193150,12,204800,0,0,8192,196608,72,8200,0,0,258,0,28,192956,0,0,34112,0,0,0,0,512,8,8192,79,193068,4194304,0,0,332,267,0,11,4,4,0,0,0,0,3,0,0,7168,196608,0,0,8192,185344,512,4096,1048576,212992,7680,224,4096,1048576,0,2,0,0,144,3,4,0,0,0,0,128,64,65535,0,0,0,0,184,0
wolfram-0.2.2.exe,221744,0,0,0,0,192512,225280,0,0,0,0,271,0,0,0,0,0,0,0,0,0,0,512,0,0,384,228504,4194304,0,0,332,267,0,1,1,4,0,71,0,0,3,0,0,3224,225280,0,0,4096,32768,4096,0,65536,229376,4096,224,4096,4096,188416,2,0,0,128,1,4,0,0,0,0,128,64,65535,16,0,0,0,320,0
Xeno Vault-5.2.0.exe,1208662,12,1212416,0,0,8192,1212416,72,8200,0,0,270,1326425,28,1123632,0,0,34112,0,0,0,0,512,8,8192,87,1208572,4194304,0,0,332,267,0,11,4,4,0,0,0,0,3,0,0,71068,1220608,0,0,8192,1200640,512,4096,1048576,1294336,1271808,224,4096,1048576,0,2,0,0,144,3,4,0,0,0,0,128,64,65535,0,0,0,0,184,0
XOR_Encrypt_V2.0.exe,5925,2184,135168,0,0,4096,36864,0,0,0,0,258,66491,28,37280,0,0,33088,0,0,0,0,512,348,36864,120,50812,4194304,64,49712,332,267,0,9,5,5,0,0,0,0,5,0,0,68492,65536,6568,59392,4096,32256,1024,4096,1048576,143360,93696,224,4096,1048576,0,2,0,0,144,3,4,0,0,0,0,216,64,65535,0,0,0,0,184,0
xzip-1.2.0.exe,12352,0,0,0,0,4096,1978368,0,0,0,0,783,0,0,0,0,0,0,0,0,0,0,512,2060,2705660,240,2703360,4194304,0,0,332,267,1,3,4,4,0,22,0,0,7,0,0,363992,2719744,0,0,4096,1972704,1024,4096,1048576,3084288,135524,224,4096,16777216,49652,2,24,1978448,144,3,4,0,0,0,0,128,64,65535,0,0,0,0,184,0
zipgenius-6.3.2.exe,4889380,293904,5107712,0,0,4096,4890624,0,0,0,0,33166,0,0,0,0,0,0,0,0,0,0,512,3316,5079020,21764,5074944,4194304,0,0,332,267,0,2,4,4,0,25,0,0,9,0,0,2152148,5402624,0,0,4096,4882432,1024,4096,1048576,7557120,2578944,224,262144,1048576,0,2,24,5103616,80,2,4,0,0,0,0,256,64,65535,15,0,0,26,184,0
zstd.exe,5136,1240,1327104,0,0,4096,0,0,0,0,0,38,1610269,0,0,0,0,352,13944,1269760,0,0,512,904,1315784,3896,1314816,5368709120,0,0,34404,523,0,2,4,5,0,44,0,2,19,4739,1478656,1256,1323008,0,0,4096,1175552,1536,4096,1048576,1527808,127488,240,4096,2097152,6144,3,40,1261152,144,3,4,0,0,0,0,128,64,65535,0,0,0,0,184,0
