filename,.00cfg,.2fu0,.2fu1,.2fu2,.5t9e,.adat,.aspack,.axh,.biti,.bovop,.bss,.c,.cdata,.cfg,.code,.codes,.crt,.crt1,.cwfn,.d,.data,.data1,.der,.didat,.didata,.edata,.eh_fram,.exp,.fifafi,.fw90,.gfids,.gogikev,.idata,.imports,.imprec,.itext,.iyaw,.jdata,.kabeleh,.kafel,.keme,.keys,.l1,.l2,.l4nce,.letimuc,.lis,.mofizob,.mpress1,.mpress2,.muxa,.mysec,.mysec10,.mysec3,.n03l,.ndata,.nemaj,.nep,.new,.newit,.orpc,.pdata,.perplex,.pihof,.poruk,.r,.ran,.rdat,.rdata,.rdatam,.rdatau,.rel,.reloc,.rsrc,.s7bz,.scy,.sdata,.sxdata,.symtab,.text,.text-co,.text1,.tls,.tpolicy,.tume,.udata,.v0rmpw,.vapo,.vmpdmp,.voda,.wixburn,.wol,.wpp_sf,.xdata,.xl7f,.xml,/106,/112,/124,/18,/19,/30,/32,/4,/43,/46,/59,/63,/65,/75,/78,/80,/90,/94,/99,Header,Overlay,Total,_rdata,_strtok,_winzip_,almostro,bb1,cfgro,code,consent,data,enc,ex,functbl,glurking,msrodata,nlsdata,odyqxub,page,pagecons,pagedata,pagelk,pager32c,rt_code,selftimi,tablero,text,trns,upx0,upx1,upx2
1Password-8.12.10.36.exe,0.0,0,0,0,0,0,0.0,0,0,0,0.0,0,0,0,0,0,0.0,0,0,0,4.400286725188307,0,0,0.0,0.0,0.0,0.0,0,0,0,0.0,0,0.0,0,0,0.0,0,0,0,0,0,0,0,0,0,0,0,0,0.0,0.0,0,0,0,0,0,0,0,0,0,0,0,6.892054273526382,0,0,0,0,0,0,6.451586531405904,0,0,0,5.477536963564121,5.6932710566123435,0,0,0.0,0,0.0,6.547791781205422,0,0,0.17652041870863303,0,0,0,0,0,0,0,0.0,0,0,0.0,0,0,0,0.0,0,0,0.0,0,0.0,0.0,0,0.0,0,0,0.0,0,0.0,0,0,0,0.0,0,0,0,4.416885383554762,0,0,0,0,0,0.0,0,0.0,0,0,0,0,0,0,0,0,0,0,0,0,0,0,0,0,0,0.0,0.0,0
7z-16.4.0-x64.exe,0.0,0,0,0,0,0,0.0,0,0,0,0.0,0,0,0,0,0,0.0,0,0,0,0.5226804116277525,0,0,0.0,0.0,0.0,0.0,0,0,0,0.0,0,0.0,0,0,0.0,0,0,0,0,0,0,0,0,0,0,0,0,0.0,0.0,0,0,0,0,0,0,0,0,0,0,0,0.0,0,0,0,0,0,0,4.5535322153718365,0,0,0,0.0,4.366378824857113,0,0,0.0,0,0.0,6.592944658961738,0,0,0.0,0,0,0,0,0,0,0,0.0,0,0,0.0,0,0,0,0.0,0,0,0.0,0,0.0,0.0,0,0.0,0,0,0.0,0,0.0,0,0,0,0.0,0,0,0,0.0,0,0,0,0,0,0.0,0,0.0,0,0,0,0,0,0,0,0,0,0,0,0,0,0,0,0,0,0.0,0.0,0
7z-23.1.0-x64.exe,0.0,0,0,0,0,0,0.0,0,0,0,0.0,0,0,0,0,0,0.0,0,0,0,0.020393135236084953,0,0,0.0,0.0,0.0,0.0,0,0,0,0.0,0,0.0,0,0,0.0,0,0,0,0,0,0,0,0,0,0,0,0,0.0,0.0,0,0,0,0,0,0,0,0,0,0,0,0.0,0,0,0,0,0,0,4.616946763777193,0,0,0,0.0,4.367210431828476,0,0,0.0,0,0.0,6.591966668904185,0,0,0.0,0,0,0,0,0,0,0,0.0,0,0,0.0,0,0,0,0.0,0,0,0.0,0,0.0,0.0,0,0.0,0,0,0.0,0,0.0,0,0,0,0.0,0,0,0,0.0,0,0,0,0,0,0.0,0,0.0,0,0,0,0,0,0,0,0,0,0,0,0,0,0,0,0,0,0.0,0.0,0
7z-26.0.0-x64.exe,0.0,0,0,0,0,0,0.0,0,0,0,0.0,0,0,0,0,0,0.0,0,0,0,0.020393135236084953,0,0,0.0,0.0,0.0,0.0,0,0,0,0.0,0,0.0,0,0,0.0,0,0,0,0,0,0,0,0,0,0,0,0,0.0,0.0,0,0,0,0,0,0,0,0,0,0,0,3.9345474751096368,0,0,0,0,0,0,4.475773488828972,0,0,0,0.0,4.3655498652009355,0,0,0.0,0,0.0,6.267141854990083,0,0,0.0,0,0,0,0,0,0,0,0.0,0,0,0.0,0,0,0,0.0,0,0,0.0,0,0.0,0.0,0,0.0,0,0,0.0,0,0.0,0,0,0,0.0,0,0,0,0.0,0,0,0,0,0,0.0,0,0.0,0,0,0,0,0,0,0,0,0,0,0,0,0,0,0,0,0,0.0,0.0,0
Advanced File Security 3.1 Basic-3.1.7.exe,0.0,0,0,0,0,0,0.0,0,0,0,0.0,0,0,0,0,0,0.0,0,0,0,4.91133449479358,0,0,0.0,0.0,0.0,0.0,0,0,0,0.0,0,0.0,0,0,0.0,0,0,0,0,0,0,0,0,0,0,0,0,0.0,0.0,0,0,0,0,0,0,0,0,0,0,0,0.0,0,0,0,0,0,0,5.16391234047639,0,0,0,0.0,6.319932024948134,0,0,0.0,0,0.0,6.621374155127137,0,0,0.0,0,0,0,0,0,0,0,0.0,0,0,0.0,0,0,0,0.0,0,0,0.0,0,0.0,0.0,0,0.0,0,0,0.0,0,0.0,0,0,0,0.0,0,0,0,0.0,0,0,0,0,0,0.0,0,0.0,0,0,0,0,0,0,0,0,0,0,0,0,0,0,0,0,0,0.0,0.0,0
aescrypt-3.09.exe,0.0,0,0,0,0,0,0.0,0,0,0,0.0,0,0,0,0,0,0.0,0,0,0,2.0905800696116454,0,0,0.0,0.0,0.0,0.0,0,0,0,0.0,0,0.0,0,0,0.0,0,0,0,0,0,0,0,0,0,0,0,0,0.0,0.0,0,0,0,0,0,0,0,0,0,0,0,4.887459511700348,0,0,0,0,0,0,4.888081630115812,0,0,0,2.2096480452956597,7.164000761158924,0,0,0.0,0,0.0,6.494022623377042,0,0,0.0,0,0,0,0,0,0,0,0.0,0,0,0.0,0,0,0,0.0,0,0,0.0,0,0.0,0.0,0,0.0,0,0,0.0,0,0.0,0,0,0,0.0,0,0,0,0.0,0,0,0,0,0,0.0,0,0.0,0,0,0,0,0,0,0,0,0,0,0,0,0,0,0,0,0,0.0,0.0,0
aescrypt-4.5.0_gui.exe,0.0,0,0,0,0,0,0.0,0,0,0,0.0,0,0,0,0,0,0.0,0,0,0,4.353480049348488,0,0,0.0,0.0,0.0,0.0,0,0,0,0.0,0,0.0,0,0,0.0,0,0,0,0,0,0,0,0,0,0,0,0,0.0,0.0,0,0,0,0,0,0,0,0,0,0,0,5.555382320814806,0,0,0,0,0,0,6.646738220921472,0,0,0,4.95880867666221,3.750720803790121,0,0,0.0,0,0.0,6.313282673117218,0,0,0.0,0,0,0,0,0,0,0,0.0,0,0,0.0,0,0,0,0.0,0,0,0.0,0,0.0,0.0,0,0.0,0,0,0.0,0,0.0,0,0,0,0.0,0,0,0,0.0,0,0,0,0,0,0.0,0,0.0,0,0,0,0,0,0,0,0,0,0,0,0,0,0,0,0,0,0.0,0.0,0
aescrypt-v3.10.exe,0.0,0,0,0,0,0,0.0,0,0,0,0.0,0,0,0,0,0,0.0,0,0,0,2.0900534712090097,0,0,0.0,0.0,0.0,0.0,0,0,0,0.0,0,0.0,0,0,0.0,0,0,0,0,0,0,0,0,0,0,0,0,0.0,0.0,0,0,0,0,0,0,0,0,0,0,0,4.857312097462752,0,0,0,0,0,0,4.9155127504127964,0,0,0,2.2096480452956597,7.164000761158924,0,0,0.0,0,0.0,6.497436243733927,0,0,0.0,0,0,0,0,0,0,0,0.0,0,0,0.0,0,0,0,0.0,0,0,0.0,0,0.0,0.0,0,0.0,0,0,0.0,0,0.0,0,0,0,0.0,0,0,0,0.0,0,0,0,0,0,0.0,0,0.0,0,0,0,0,0,0,0,0,0,0,0,0,0,0,0,0,0,0.0,0.0,0
AgnotSecurity-2.2.2.exe,0.0,0,0,0,0,0,0.0,0,0,0,0.0,0,0,0,0,0,0.0,0,0,0,0.0,0,0,0.0,0.0,0.0,0.0,0,0,0,0.0,0,4.946847780714357,0,0,0.0,0,0,0,0,0,0,0,0,0,0,0,0,0.0,0.0,0,0,0,0,0,0,0,0,0,0,0,0.0,0,0,0,0,0,0,0.20153937813451883,0,0,0,6.624333346183204,3.9267384595675163,0,0,0.0,0,0.0,0.0,0,0,0.0,0,0,0,0,0,0,0,0.0,0,0,0.0,0,0,0,0.0,0,0,0.0,0,0.0,0.0,0,0.0,0,0,0.0,0,0.0,0,0,0,0.0,0,0,0,0.0,0,0,0,0,0,6.600519502633484,0,7.344344091880885,0,0,0,0,0,0,0,0,0,0,0,0,0,0,0,0,0,0.0,0.0,0
AloahaCrypt-6.3.1.exe,0.0,0,0,0,0,0,0.0,0,0,0,0.0,0,0,0,0,0,0.0,0,0,0,6.288721171043724,0,0,0.0,0.0,0.0,0.0,0,0,0,0.0,0,0.0,0,0,0.0,0,0,0,0,0,0,0,0,0,0,0,0,0.0,0.0,0,0,0,0,0,0,0,0,0,0,0,0.0,0,0,0,0,0,0,6.474649305437942,0,0,0,0.0,6.587421393821023,0,0,0.0,0,0.0,6.6561441990873265,0,0,0.0,0,0,0,0,0,0,0,0.0,0,0,0.0,0,0,0,0.0,0,0,0.0,0,0.0,0.0,0,0.0,0,0,0.0,0,0.0,0,0,0,0.0,0,0,0,0.0,0,0,0,0,0,0.0,0,0.0,0,0,0,0,0,0,0,0,0,0,0,0,0,0,0,0,0,0.0,0.0,0
ALZip-11.8.23.exe,0.0,0,0,0,0,0,0.0,0,0,0,0.0,0,0,0,0,0,0.0,0,0,0,4.896570138720948,0,0,0.0,0.0,0.0,0.0,0,0,0,0.0,0,0.0,0,0,0.0,0,0,0,0,0,0,0,0,0,0,0,0,0.0,0.0,0,0,0,0,0,0,0,0,0,0,0,0.0,0,0,0,0,0,0,4.39014412241384,0,0,0,6.17888250043607,6.5639574271640955,0,0,0.0,0,0.0,6.329521592655657,0,0,0.0,0,0,0,0,0,0,0,0.0,0,0,0.0,0,0,0,0.0,0,0,0.0,0,0.0,0.0,0,0.0,0,0,0.0,0,0.0,0,0,0,0.0,0,0,0,0.0,0,0,0,0,0,0.0,0,0.0,0,0,0,0,0,0,0,0,0,0,0,0,0,0,0,0,0,0.0,0.0,0
ArcThemALL!-5.1.0.exe,0.0,0,0,0,0,0,0.0,0,0,0,0.0,0,0,0,0,0,0.0,0,0,0,2.1500715391677487,0,0,0.0,0.0,0.0,0.0,0,0,0,0.0,0,0.0,0,0,0.0,0,0,0,0,0,0,0,0,0,0,0,0,0.0,0.0,0,0,0,0,0,0,0,0,0,0,0,0.0,0,0,0,0,0,0,4.799741132252136,0,0,0,0.0,5.919240685647163,0,0,0.0,0,0.0,6.684690148171278,0,0,0.0,0,0,0,0,0,0,0,0.0,0,0,0.0,0,0,0,0.0,0,0,0.0,0,0.0,0.0,0,0.0,0,0,0.0,0,0.0,0,0,0,0.0,0,0,0,0.0,0,0,0,0,0,0.0,0,0.0,0,0,0,0,0,0,0,0,0,0,0,0,0,0,0,0,0,0.0,0.0,0
Arix-1.4.0.exe,0.0,0,0,0,0,0,0.0,0,0,0,0.0,0,0,0,0,0,0.0,0,0,0,0.0,0,0,0.0,0.0,0.0,0.0,0,0,0,0.0,0,0.0,0,0,0.0,0,0,0,0,0,0,0,0,0,0,0,0,0.0,0.0,0,0,0,0,0,0,0,0,0,0,0,0.0,0,0,0,0,0,0,0.0,0,0,0,0.10191042566270775,7.055842671357859,0,0,1.9472728239625825,0,0.0,6.820512536055413,0,0,0.0,0,0,0,0,0,0,0,0.0,0,0,0.0,0,0,0,0.0,0,0,0.0,0,0.0,0.0,0,0.0,0,0,0.0,0,0.0,0,0,0,0.0,0,0,0,0.0,0,0,0,0,0,0.0,0,0.0,0,0,0,0,0,0,0,0,0,0,0,0,0,0,0,0,0,0.0,0.0,0
AshampooLauncher-2.16.0.exe,0.0,0,0,0,0,0,0.0,0,0,0,0.0,0,0,0,0,0,0.0,0,0,0,2.681498878644563,0,0,0.41512984289152155,0.0,0.0,0.0,0,0,0,0.0,0,0.0,0,0,0.0,0,0,0,0,0,0,0,0,0,0,0,0,0.0,0.0,0,0,0,0,0,0,0,0,0,0,0,6.465598355759927,0,0,0,0,0,0,5.706437598931486,0,0,0,5.446734806369982,6.319061046436123,0,0,0.0,0,0.0,6.462843127878126,0,0,0.0,0,0,0,0,0,0,0,0.0,0,0,0.0,0,0,0,0.0,0,0,0.0,0,0.0,0.0,0,0.0,0,0,0.0,0,0.0,0,0,0,0.0,0,0,0,0.0,0,0,0,0,0,0.0,0,0.0,0,0,0,0,0,0,0,0,0,0,0,0,0,0,0,0,0,0.0,0.0,0
AshampooZIP-1.7.1.EXE,0.0,0,0,0,0,0,0.0,0,0,0,0.0,0,0,0,0,0,0.0,0,0,0,6.917661900189563,0,0,0.0,4.2457503746577165,0.0,0.0,0,0,0,0.0,0,5.324784708862329,0,0,6.103278865810928,0,0,0,0,0,0,0,0,0,0,0,0,0.0,0.0,0,0,0,0,0,0,0,0,0,0,0,0.0,0,0,0,0,0,0,0.5590095750514475,0,0,0,0.0,6.229621815347632,0,0,0.0,0,0.0,6.463660970119431,0,0,0.0,0,0,0,0,0,0,0,0.0,0,0,0.0,0,0,0,0.0,0,0,0.0,0,0.0,0.0,0,0.0,0,0,0.0,0,0.0,0,0,0,0.0,0,0,0,0.0,0,0,0,0,0,0.0,0,0.0,0,0,0,0,0,0,0,0,0,0,0,0,0,0,0,0,0,0.0,0.0,0
AxCrypt-2.1.1692.exe,0.0,0,0,0,0,0,0.0,0,0,0,0.0,0,0,0,0,0,0.0,0,0,0,0.0,0,0,0.0,0.0,0.0,0.0,0,0,0,0.0,0,0.0,0,0,0.0,0,0,0,0,0,0,0,0,0,0,0,0,0.0,0.0,0,0,0,0,0,0,0,0,0,0,0,0.0,0,0,0,0,0,0,0.0,0,0,0,0.12227588125913882,4.801638458589794,0,0,0.0,0,0.0,6.345765950701932,0,0,0.0,0,0,0,0,0,0,0,0.0,0,0,0.0,0,0,0,0.0,0,0,0.0,0,0.0,0.0,0,0.0,0,0,0.0,0,0.0,0,0,0,0.0,0,0,0,0.0,0,0,0,0,0,0.0,0,0.0,0,0,0,0,0,0,0,0,0,0,0,0,0,0,0,0,0,0.0,0.0,0
Backupper-8.2.0.0.exe,0.0,0,0,0,0,0,0.0,0,0,0,0.0,0,0,0,0,0,0.0,0,0,0,5.11936644120919,0,0,0.0,0.0,0.0,0.0,0,0,0,0.0,0,0.0,0,0,0.0,0,0,0,0,0,0,0,0,0,0,0,0,0.0,0.0,0,0,0,0,0,0,0,0,0,0,0,0.0,0,0,0,0,0,0,7.5881479879297835,0,0,0,6.732813849990539,2.4124295951398613,0,0,0.0,0,0.0,6.303533434873371,0,0,0.0,0,0,0,0,0,0,0,0.0,0,0,0.0,0,0,0,0.0,0,0,0.0,0,0.0,0.0,0,0.0,0,0,0.0,0,0.0,0,0,0,0.0,0,0,0,0.0,0,0,0,0,0,0.0,0,0.0,0,0,0,0,0,0,0,0,0,0,0,0,0,0,0,0,0,0.0,0.0,0
Bandizip.x64-v7.42.exe,0.0,0,0,0,0,0,0.0,0,0,0,0.0,0,0,0,0,0,0.0,0,0,0,4.289682171697241,0,0,0.42693031941489346,0.0,0.0,0.0,0,0,0,0.0,0,0.0,0,0,0.0,0,0,0,0,0,0,0,0,0,0,0,0,0.0,0.0,0,0,0,0,0,0,0,0,0,0,0,6.278854348279273,0,0,0,0,0,0,5.339861425061489,0,0,0,5.391464935965219,4.999096041876806,0,0,0.0,0,0.0,6.4870473596538725,0,0,0.0,0,0,0,0,0,0,0,0.0,0,0,0.0,0,0,0,0.0,0,0,0.0,0,0.0,0.0,0,0.0,0,0,0.0,0,0.0,0,0,0,0.0,0,0,0,0.0,0,0,0,0,0,0.0,0,0.0,0,0,0,0,0,0,0,0,0,0,0,0,0,0,0,0,0,0.0,0.0,0
Bandizip64-6.29.exe,0.0,0,0,0,0,0,0.0,0,0,0,0.0,0,0,0,0,0,0.0,0,0,0,4.467008747871781,0,0,0.42449845906755646,0.0,0.0,0.0,0,0,0,0.0,0,0.0,0,0,0.0,0,0,0,0,0,0,0,0,0,0,0,0,0.0,0.0,0,0,0,0,0,0,0,0,0,0,0,6.121713446995729,0,0,0,0,0,0,4.794053128820468,0,0,0,5.338473561274288,4.528152346690911,0,0,0.0,0,0.0,6.394892742526127,0,0,0.0,0,0,0,0,0,0,0,0.0,0,0,0.0,0,0,0,0.0,0,0,0.0,0,0.0,0.0,0,0.0,0,0,0.0,0,0.0,0,0,0,0.0,0,0,0,0.0,0,0,0,0,0,0.0,0,0.0,0,0,0,0,0,0,0,0,0,0,0,0,0,0,0,0,0,0.0,0.0,0
BCArchive-2.08.2.exe,0.0,0,0,0,0,0,0.0,0,0,0,0.0,0,0,0,0,0,0.0,0,0,0,6.176785577225364,0,0,0.0,0.0,0.0,0.0,0,0,0,0.0,0,0.0,0,0,0.0,0,0,0,0,0,0,0,0,0,0,0,0,0.0,0.0,0,0,0,0,0,0,0,0,0,0,0,0.0,0,0,0,0,0,0,5.768577617168498,0,0,0,0.0,5.562656090331635,0,0,0.0,0,0.0,6.260592761079078,0,0,0.0,0,0,0,0,0,0,0,0.0,0,0,0.0,0,0,0,0.0,0,0,0.0,0,0.0,0.0,0,0.0,0,0,0.0,0,0.0,0,0,0,0.0,0,0,0,0.0,0,0,0,0,0,0.0,0,0.0,0,0,0,0,0,0,0,0,0,0,0,0,0,0,0,0,0,0.0,0.0,0
BCWipe-3.50.0.17.exe,0.0,0,0,0,0,0,0.0,0,0,0,0.0,0,0,0,0,0,0.0,0,0,0,4.121051254429333,0,0,0.0,0.0,0.0,0.0,0,0,0,0.0,0,0.0,0,0,0.0,0,0,0,0,0,0,0,0,0,0,0,0,0.0,0.0,0,0,0,0,0,0,0,0,0,0,0,0.0,0,0,0,0,0,0,5.347835089430476,0,0,0,6.554531001519381,5.566729825635975,0,0,0.0,0,0.0,6.649212819015505,0,0,0.0,0,0,0,0,0,0,0,0.0,0,0,0.0,0,0,0,0.0,0,0,0.0,0,0.0,0.0,0,0.0,0,0,0.0,0,0.0,0,0,0,0.0,0,0,0,0.0,0,0,0,0,0,0.0,0,0.0,0,0,0,0,0,0,0,0,0,0,0,0,0,0,0,0,0,0.0,0.0,0
BitQueeze-1.6.7.exe,0.0,0,0,0,0,0,0.0,0,0,0,0.0,0,0,0,0,0,0.0,0,0,0,0.0,0,0,0.0,0.0,0.0,0.0,0,0,0,0.0,0,0.0,0,0,0.0,0,0,0,0,0,0,0,0,0,0,0,0,0.0,0.0,0,0,0,0,0,0,0,0,0,0,0,0.0,0,0,0,0,0,0,0.0,0,0,0,0.0,4.160339081607652,0,0,0.0,0,0.0,0.0,0,0,0.0,0,0,0,0,0,0,0,0.0,0,0,0.0,0,0,0,0.0,0,0,0.0,0,0.0,0.0,0,0.0,0,0,0.0,0,0.0,0,0,0,0.0,0,0,0,0.0,0,0,0,0,0,0.0,0,0.0,0,0,0,0,0,0,0,0,0,0,0,0,0,0,0,0,0,0.0,7.925373909559346,0
Bitwarden-2026.3.1.exe,0.0,0,0,0,0,0,0.0,0,0,0,0.0,0,0,0,0,0,0.0,0,0,0,4.392454114655511,0,0,0.0,0.0,0.0,0.0,0,0,0,0.0,0,0.0,0,0,0.0,0,0,0,0,0,0,0,0,0,0,0,0,0.0,0.0,0,0,0,0,0,0,0,0,0,0,0,6.918413718286329,0,0,0,0,0,0,6.460087147690928,0,0,0,5.478360826920203,2.905584024364287,0,0,0.0,0,0.0,6.547634741333119,0,0,0.17652041870863303,0,0,0,0,0,0,0,0.0,0,0,0.0,0,0,0,0.0,0,0,0.0,0,0.0,0.0,0,0.0,0,0,0.0,0,0.0,0,0,0,0.0,0,0,0,4.493094637278582,0,0,0,0,0,0.0,0,0.0,0,0,0,0,0,0,0,0,0,0,0,0,0,0,0,0,0,0.0,0.0,0
bleachbit-5.0.2.exe,0.0,0,0,0,0,0,0.0,0,0,0,0.0,0,0,0,0,0,0.0,0,0,0,1.9716147313801824,0,0,0.0,0.0,0.0,0.0,0,0,0,0.0,0,0.0,0,0,0.0,0,0,0,0,0,0,0,0,0,0,0,0,0.0,0.0,0,0,0,0,0,0,0,0,0,0,0,0.0,0,0,0,0,0,0,5.040461867020835,0,0,0,6.1238704979335825,5.143387648682603,0,0,0.0,0,0.0,6.162916965611038,0,0,0.0,0,0,0,0,0,0,0,0.0,0,0,0.0,0,0,0,0.0,0,0,0.0,0,0.0,0.0,0,0.0,0,0,0.0,0,0.0,0,0,0,0.0,0,0,0,0.0,0,0,0,0,0,0.0,0,0.0,0,0,0,0,0,0,0,0,0,0,0,0,0,0,0,0,0,0.0,0.0,0
bmpPacker.exe,0.0,0,0,0,0,0,0.0,0,0,0,0.0,0,0,0,0,0,0.0,0,0,0,5.228341864255361,0,0,0.0,0.0,4.962386686129607,0.0,0,0,0,0.0,0,5.186493892267846,0,0,0.0,0,0,0,0,0,0,0,0,0,0,0,0,0.0,0.0,0,0,0,0,0,0,0,0,0,0,0,0.0,0,0,0,0,0,0,0.2108262677871819,0,0,0,6.636095325140663,2.6923281148910774,0,0,0.0,0,0.0,6.343307740492173,0,0,0.0,0,0,0,0,0,0,0,0.0,0,0,0.0,0,0,0,0.0,0,0,0.0,0,0.0,0.0,0,0.0,0,0,0.0,0,0.0,0,0,0,0.0,0,0,0,0.0,0,0,0,0,0,0.0,0,0.0,0,0,0,0,0,0,0,0,0,0,0,0,0,0,0,0,0,0.0,0.0,0
Bulambod-3.2015.06.exe,0.0,0,0,0,0,0,0.0,0,0,0,0.0,0,0,0,0,0,0.0,0,0,0,0.0,0,0,0.0,0.0,0.0,0.0,0,0,0,0.0,0,0.0,0,0,0.0,0,0,0,0,0,0,0,0,0,0,0,0,0.0,0.0,0,0,0,0,0,0,0,0,0,0,0,0.0,0,0,0,0,0,0,0.0,0,0,0,0.10191042566270775,4.422934974054665,0,0,0.0,0,0.0,7.460809621098892,0,0,0.0,0,0,0,0,0,0,0,0.0,0,0,0.0,0,0,0,0.0,0,0,0.0,0,0.0,0.0,0,0.0,0,0,0.0,0,0.0,0,0,0,0.0,0,0,0,0.0,0,0,0,0,0,0.0,0,0.0,0,0,0,0,0,0,0,0,0,0,0,0,0,0,0,0,0,0.0,0.0,0
burningstudio2026-1.27.1.exe,0.0,0,0,0,0,0,0.0,0,0,0,0.0,0,0,0,0,0,0.0,0,0,0,5.342573043926158,0,0,0.0,0.0,0.0,0.0,0,0,0,0.0,0,0.0,0,0,0.0,0,0,0,0,0,0,0,0,0,0,0,0,0.0,0.0,0,0,0,0,0,0,0,0,0,0,0,0.0,0,0,0,0,0,0,5.363142328752813,0,0,0,6.573708068390977,5.801244422124351,0,0,0.0,0,0.0,6.485821898098295,0,0,0.0,0,0,0,0,0,0,0,0.0,0,0,0.0,0,0,0,0.0,0,0,0.0,0,0.0,0.0,0,0.0,0,0,0.0,0,0.0,0,0,0,0.0,0,0,0,0.18415065608732903,0,0,0,0,0,0.0,0,0.0,0,0,0,0,0,0,0,0,0,0,0,0,0,0,0,0,0,0.0,0.0,0
cc2go.exe,0.0,0,0,0,0,0,0.0,0,0,0,0.0,0,0,0,0,0,0.0,0,0,0,4.734465501481851,0,0,0.0,0.0,0.0,0.0,0,0,0,0.0,0,5.020329658544086,0,0,0.0,0,0,0,0,0,0,0,0,0,0,0,0,0.0,0.0,0,0,0,0,0,0,0,0,0,0,0,0.0,0,0,0,0,0,0,0.0,0,0,0,0.0,4.518836393511709,0,0,0.0,0,0.0,6.456987378238879,0,0,0.0,0,0,0,0,0,0,0,0.0,0,0,0.0,0,0,0,0.0,0,0,0.0,0,0.0,0.0,0,0.0,0,0,0.0,0,0.0,0,0,0,0.0,0,0,0,0.0,0,0,0,0,0,0.0,0,0.0,0,0,0,0,0,0,0,0,0,0,0,0,0,0,0,0,0,0.0,0.0,0
CenoCipher.exe,0.0,0,0,0,0,0,0.0,0,0,0,0.0,0,0,0,0,0,0.09800417566270775,0,0,0,3.307108615187531,0,0,0.0,0.0,0.0,4.846796270885245,0,0,0,0.0,0,5.438205257497379,0,0,0.0,0,0,0,0,0,0,0,0,0,0,0,0,0.0,0.0,0,0,0,0,0,0,0,0,0,0,0,0.0,0,0,0,0,0,0,5.312526316418394,0,0,0,0.0,4.436328957752412,0,0,0.0,0,0.0,6.129643499994087,0,0,0.22482003450968063,0,0,0,0,0,0,0,0.0,0,0,0.0,0,0,0,0.0,0,0,0.0,0,0.0,0.0,0,0.0,0,0,0.0,0,0.0,0,0,0,0.0,0,0,0,0.0,0,0,0,0,0,0.0,0,0.0,0,0,0,0,0,0,0,0,0,0,0,0,0,0,0,0,0,0.0,0.0,0
certutil-10.0.26.exe,0.0,0,0,0,0,0,0.0,0,0,0,0.0,0,0,0,0,0,0.0,0,0,0,2.7472952256741876,0,0,0.7489536379808518,0.0,0.0,0.0,0,0,0,0.0,0,0.0,0,0,0.0,0,0,0,0,0,0,0,0,0,0,0,0,0.0,0.0,0,0,0,0,0,0,0,0,0,0,0,5.992789073557874,0,0,0,0,0,0,4.796744889536654,0,0,0,4.540737958376258,2.771273087914967,0,0,0.0,0,0.0,6.361617148559004,0,0,0.0,0,0,0,0,0,0,0,0.0,0,0,0.0,0,0,0,0.0,0,0,0.0,0,0.0,0.0,0,0.0,0,0,0.0,0,0.0,0,0,0,0.0,0,0,0,0.0,0,0,0,0,0,0.0,0,0.0,0,0,0,0,0,0,0,0,0,0,0,0,0,0,0,0,0,0.0,0.0,0
CFFiles-5.5.0.1.exe,0.0,0,0,0,0,0,0.0,0,0,0,0.0,0,0,0,0,0,0.0,0,0,0,4.308688512250584,0,0,0.0,0.0,4.926962163642155,0.0,0,0,0,0.0,0,5.35219304649465,0,0,0.0,0,0,0,0,0,0,0,0,0,0,0,0,0.0,0.0,0,0,0,0,0,0,0,0,0,0,0,0.0,0,0,0,0,0,0,0.2044881574398449,0,0,0,6.515672731244115,5.5958713067542405,0,0,0.0,0,0.0,6.036042491872401,0,0,0.0,0,0,0,0,0,0,0,0.0,0,0,0.0,0,0,0,0.0,0,0,0.0,0,0.0,0.0,0,0.0,0,0,0.0,0,0.0,0,0,0,0.0,0,0,0,0.0,0,0,0,0,0,0.0,0,0.0,0,0,0,0,0,0,0,0,0,0,0,0,0,0,0,0,0,0.0,0.0,0
CFFiles-5.5.0.exe,0.0,0,0,0,0,0,0.0,0,0,0,0.0,0,0,0,0,0,0.0,0,0,0,4.308688512250584,0,0,0.0,0.0,4.926962163642155,0.0,0,0,0,0.0,0,5.35219304649465,0,0,0.0,0,0,0,0,0,0,0,0,0,0,0,0,0.0,0.0,0,0,0,0,0,0,0,0,0,0,0,0.0,0,0,0,0,0,0,0.2044881574398449,0,0,0,6.515672731244115,5.5958713067542405,0,0,0.0,0,0.0,6.036042491872401,0,0,0.0,0,0,0,0,0,0,0,0.0,0,0,0.0,0,0,0,0.0,0,0,0.0,0,0.0,0.0,0,0.0,0,0,0.0,0,0.0,0,0,0,0.0,0,0,0,0.0,0,0,0,0,0,0.0,0,0.0,0,0,0,0,0,0,0,0,0,0,0,0,0,0,0,0,0,0.0,0.0,0
CFText-5.5.0.exe,0.0,0,0,0,0,0,0.0,0,0,0,0.0,0,0,0,0,0,0.0,0,0,0,4.367771976167099,0,0,0.0,0.0,4.899028812390953,0.0,0,0,0,0.0,0,5.414579320322872,0,0,0.0,0,0,0,0,0,0,0,0,0,0,0,0,0.0,0.0,0,0,0,0,0,0,0,0,0,0,0,0.0,0,0,0,0,0,0,0.2108262677871819,0,0,0,6.569324937471397,5.588508072241161,0,0,0.0,0,0.0,6.326594522952349,0,0,0.0,0,0,0,0,0,0,0,0.0,0,0,0.0,0,0,0,0.0,0,0,0.0,0,0.0,0.0,0,0.0,0,0,0.0,0,0.0,0,0,0,0.0,0,0,0,0.0,0,0,0,0,0,0.0,0,0.0,0,0,0,0,0,0,0,0,0,0,0,0,0,0,0,0,0,0.0,0.0,0
Challenger-2.4.33.exe,0.0,0,0,0,0,0,0.0,0,0,0,0.0,0,0,0,0,0,0.0,0,0,0,0.0,0,0,0.0,0.0,0.0,0.0,0,0,0,0.0,0,0.0,0,0,0.0,0,0,0,0,0,0,0,0,0,0,0,0,0.0,0.0,0,0,0,0,0,0,0,0,0,0,0,0.0,0,0,0,0,0,0,0.0,0,0,0,0.0,0.0,0,0,0.0,0,0.0,0.0,0,0,0.0,0,0,0,0,0,0,0,0.0,0,0,0.0,0,0,0,0.0,0,0,0.0,0,0.0,0.0,0,0.0,0,0,0.0,0,0.0,0,0,0,0.0,0,0,0,0.0,0,0,0,0,0,0.0,0,0.0,0,0,0,0,0,0,0,0,0,0,0,0,0,0,0,0,0,0.0,0.0,0
ChaosMash_v3.0-3.0.0.exe,0.0,0,0,0,0,0,0.0,0,0,0,0.0,0,0,0,0,0,0.0,0,0,0,2.1001502602030127,0,0,0.0,0.0,0.0,0.0,0,0,0,0.0,0,0.0,0,0,0.0,0,0,0,0,0,0,0,0,0,0,0,0,0.0,0.0,0,0,0,0,0,0,0,0,0,0,0,0.0,0,0,0,0,0,0,5.282883448450395,0,0,0,0.0,5.084095291190722,0,0,0.0,0,0.0,6.578796474490854,0,0,0.0,0,0,0,0,0,0,0,0.0,0,0,0.0,0,0,0,0.0,0,0,0.0,0,0.0,0.0,0,0.0,0,0,0.0,0,0.0,0,0,0,0.0,0,0,0,0.0,0,0,0,0,0,0.0,0,0.0,0,0,0,0,0,0,0,0,0,0,0,0,0,0,0,0,0,0.0,0.0,0
cipher-10.0.26.exe,0.0,0,0,0,0,0,0.0,0,0,0,0.0,0,0,0,0,0,0.0,0,0,0,0.05152294375387198,0,0,0.09939933739140744,0.0,0.0,0.0,0,0,0,0.0,0,0.0,0,0,0.0,0,0,0,0,0,0,0,0,0,0,0,0,0.0,0.0,0,0,0,0,0,0,0,0,0,0,0,1.4644993351421791,0,0,0,0,0,0,4.29417386970493,0,0,0,0.2358807674866166,2.5783890561736613,0,0,0.0,0,0.0,5.982896689749613,0,0,0.0,0,0,0,0,0,0,0,0.0,0,0,0.0,0,0,0,0.0,0,0,0.0,0,0.0,0.0,0,0.0,0,0,0.0,0,0.0,0,0,0,0.0,0,0,0,0.0,0,0,0,0,0,0.0,0,0.0,0,0,0,0,0,0,0,0,0,0,0,0,0,0,0,0,0,0.0,0.0,0
CipherShed-0.7.4.exe,0.0,0,0,0,0,0,0.0,0,0,0,0.0,0,0,0,0,0,0.0,0,0,0,6.240382681647407,0,0,0.0,0.0,0.0,0.0,0,0,0,0.0,0,0.0,0,0,0.0,0,0,0,0,0,0,0,0,0,0,0,0,0.0,0.0,0,0,0,0,0,0,0,0,0,0,0,0.0,0,0,0,0,0,0,6.351693337848101,0,0,0,0.0,5.826977246116933,0,0,0.0,0,0.0,6.66167937843034,0,0,0.0,0,0,0,0,0,0,0,0.0,0,0,0.0,0,0,0,0.0,0,0,0.0,0,0.0,0.0,0,0.0,0,0,0.0,0,0.0,0,0,0,0.0,0,0,0,0.0,0,0,0,0,0,0.0,0,0.0,0,0,0,0,0,0,0,0,0,0,0,0,0,0,0,0,0,0.0,0.0,0
ClearFiles-2.6.2.exe,0.0,0,0,0,0,0,0.0,0,0,0,0.0,0,0,0,0,0,0.0,0,0,0,0.0,0,0,0.0,0.0,0.0,0.0,0,0,0,0.0,0,4.978461344192533,0,0,0.0,0,0,0,0,0,0,0,0,0,0,0,0,0.0,0.0,0,0,0,0,0,0,0,0,0,0,0,0.0,0,0,0,0,0,0,0.2108262677871819,0,0,0,6.6441308252788325,5.189956204633629,0,0,0.0,0,0.0,0.0,0,0,0.0,0,0,0,0,0,0,0,0.0,0,0,0.0,0,0,0,0.0,0,0,0.0,0,0.0,0.0,0,0.0,0,0,0.0,0,0.0,0,0,0,0.0,0,0,0,0.0,0,0,0,0,0,6.576984658579397,0,4.898210136393094,0,0,0,0,0,0,0,0,0,0,0,0,0,0,0,0,0,0.0,0.0,0
Cloudfogger-1.5.49.exe,0.0,0,0,0,0,0,0.0,0,0,0,0.0,0,0,0,0,0,0.0,0,0,0,5.086939613653602,0,0,0.0,0.0,0.0,0.0,0,0,0,0.0,0,0.0,0,0,0.0,0,0,0,0,0,0,0,0,0,0,0,0,0.0,0.0,0,0,0,0,0,0,0,0,0,0,0,0.0,0,0,0,0,0,0,5.8336627880888035,0,0,0,6.674167423548002,6.067992391891159,0,0,0.0,0,0.0,6.395337362196276,0,0,0.0,0,0,0,0,0,0,0,0.0,0,0,0.0,0,0,0,0.0,0,0,0.0,0,0.0,0.0,0,0.0,0,0,0.0,0,0.0,0,0,0,0.0,0,0,0,0.0,0,0,0,0,0,0.0,0,0.0,0,0,0,0,0,0,0,0,0,0,0,0,0,0,0,0,0,0.0,0.0,0
cn cipher-1.0.0.exe,0.0,0,0,0,0,0,0.0,0,0,0,0.0,0,0,0,0,0,0.0,0,0,0,0.0,0,0,0.0,0.0,0.0,0.0,0,0,0,0.0,0,0.0,0,0,0.0,0,0,0,0,0,0,0,0,0,0,0,0,0.0,0.0,0,0,0,0,0,0,0,0,0,0,0,0.0,0,0,0,0,0,0,0.0,0,0,0,0.013126943721219527,7.160568294553124,0,0,0.3795265457645837,0,0.0,7.348113171638033,0,0,0.0,0,0,0,0,0,0,0,0.0,0,0,0.0,0,0,0,0.0,0,0,0.0,0,0.0,0.0,0,0.0,0,0,0.0,0,0.0,0,0,0,0.0,0,0,0,0.0,0,0,0,0,0,0.0,0,0.0,0,0,0,0,0,0,0,0,0,0,0,0,0,0,0,0,0,0.0,0.0,0
Cobian-11.2.0.exe,0.0,0,0,0,0,0,0.0,0,0,0,0.0,0,0,0,0,0,0.0,0,0,0,3.6263149932767322,0,0,0.0,0.0,0.0,0.0,0,0,0,0.0,0,5.072583952532539,0,0,5.6470305061721415,0,0,0,0,0,0,0,0,0,0,0,0,0.0,0.0,0,0,0,0,0,0,0,0,0,0,0,0.0,0,0,0,0,0,0,0.2044881574398449,0,0,0,6.639380877072645,7.065024988960159,0,0,0.0,0,0.0,6.438746502185062,0,0,0.0,0,0,0,0,0,0,0,0.0,0,0,0.0,0,0,0,0.0,0,0,0.0,0,0.0,0.0,0,0.0,0,0,0.0,0,0.0,0,0,0,0.0,0,0,0,0.0,0,0,0,0,0,0.0,0,0.0,0,0,0,0,0,0,0,0,0,0,0,0,0,0,0,0,0,0.0,0.0,0
Cobian.Reflector.UserInterface.exe,0.0,0,0,0,0,0,0.0,0,0,0,0.0,0,0,0,0,0,0.0,0,0,0,0.0,0,0,0.0,0.0,0.0,0.0,0,0,0,0.0,0,0.0,0,0,0.0,0,0,0,0,0,0,0,0,0,0,0,0,0.0,0.0,0,0,0,0,0,0,0,0,0,0,0,0.0,0,0,0,0,0,0,0.0,0,0,0,0.10191042566270775,5.386911199765612,0,0,0.0,0,0.0,5.4639062510460255,0,0,0.0,0,0,0,0,0,0,0,0.0,0,0,0.0,0,0,0,0.0,0,0,0.0,0,0.0,0.0,0,0.0,0,0,0.0,0,0.0,0,0,0,0.0,0,0,0,0.0,0,0,0,0,0,0.0,0,0.0,0,0,0,0,0,0,0,0,0,0,0,0,0,0,0,0,0,0.0,0.0,0
CrococryptFile-1.0.exe,0.0,0,0,0,0,0,0.0,0,0,0,0.0,0,0,0,0,0,0.0,0,0,0,0.1638075416558982,0,0,0.0,0.0,0.0,0.0,0,0,0,0.0,0,4.606959980963129,0,0,0.0,0,0,0,0,0,0,0,0,0,0,0,0,0.0,0.0,0,0,0,0,0,0,0,0,0,0,0,0.0,0,0,0,0,0,0,5.012244067122787,0,0,0,0.0,4.216472457762487,0,0,0.0,0,0.0,5.985731858911694,0,0,0.0,0,0,0,0,0,0,0,0.0,0,0,0.0,0,0,0,0.0,0,0,0.0,0,0.0,0.0,0,0.0,0,0,0.0,0,0.0,0,0,0,0.0,0,0,0,0.0,0,0,0,0,0,0.0,0,0.0,0,0,0,0,0,0,0,0,0,0,0,0,0,0,0,0,0,0.0,0.0,0
Crypditor-1.2.1.exe,0.0,0,0,0,0,0,0.0,0,0,0,0.0,0,0,0,0,0,0.0,0,0,0,0.0,0,0,0.0,0.0,0.0,0.0,0,0,0,0.0,0,4.874499702466699,0,0,0.0,0,0,0,0,0,0,0,0,0,0,0,0,0.0,0.0,0,0,0,0,0,0,0,0,0,0,0,0.0,0,0,0,0,0,0,0.2069200177871819,0,0,0,6.664358446661565,5.839476275230091,0,0,0.0,0,0.0,0.0,0,0,0.0,0,0,0,0,0,0,0,0.0,0,0,0.0,0,0,0,0.0,0,0,0.0,0,0.0,0.0,0,0.0,0,0,0.0,0,0.0,0,0,0,0.0,0,0,0,0.0,0,0,0,0,0,6.528083825572565,0,6.0625309449321465,0,0,0,0,0,0,0,0,0,0,0,0,0,0,0,0,0,0.0,0.0,0
Crypt-1.2.0.exe,0.0,0,0,0,0,0,0.0,0,0,0,0.0,0,0,0,0,0,0.0,0,0,0,0.0,0,0,0.0,0.0,0.0,0.0,0,0,0,0.0,0,0.0,0,0,0.0,0,0,0,0,0,0,0,0,0,0,0,0,0.0,0.0,0,0,0,0,0,0,0,0,0,0,0,0.0,0,0,0,0,0,0,6.436277523004573,0,0,0,0.08153941234324169,5.824457848185522,0,0,0.0,0,0.0,4.881807926600926,0,0,0.0,0,0,0,0,0,0,0,0.0,0,0,0.0,0,0,0,0.0,0,0,0.0,0,0.0,0.0,0,0.0,0,0,0.0,0,0.0,0,0,0,0.0,0,0,0,0.0,0,0,0,0,0,0.0,0,0.0,0,0,0,0,0,0,0,0,0,0,0,0,0,0,0,0,0,0.0,0.0,0
cryptainerle-19.2.0.0.exe,0.0,0,0,0,0,0,0.0,0,0,0,0.0,0,0,0,0,0,0.0,0,0,0,0.0,0,0,0.0,0.0,5.79185864677882,0.0,0,0,0,0.0,0,3.559520227209099,0,0,0.0,0,0,0,0,0,0,0,0,0,0,0,0,0.0,0.0,0,0,0,0,0,0,0,0,0,0,0,0.0,0,0,0,0,0,0,0.0,0,0,0,2.202819531114783,7.352999943148512,0,0,0.0,0,0.0,0.0,0,0,0.14051004599944367,0,0,0,0,0,0,0,0.0,0,0,0.0,0,0,0,0.0,0,0,0.0,0,0.0,0.0,0,0.0,0,0,0.0,0,0.0,0,0,0,0.0,0,0,0,0.0,0,0,0,0,0,0.0,0,0.0,0,0,0,0,0,0,0,0,0,0,0,0,0,0,0,0,0,0.0,0.0,0
CrypticDisk-4.2.15.exe,0.0,0,0,0,0,0,0.0,0,0,0,0.0,0,0,0,0,0,0.0,0,0,0,5.170137707619475,0,0,0.0,0.0,0.0,0.0,0,0,0,0.0,0,0.0,0,0,0.0,0,0,0,0,0,0,0,0,0,0,0,0,0.0,0.0,0,0,0,0,0,0,0,0,0,0,0,0.0,0,0,0,0,0,0,5.3272805627706115,0,0,0,6.512508039658004,7.354181030861919,0,0,0.0,0,0.0,6.574146183110687,0,0,0.0,0,0,0,0,0,0,0,0.0,0,0,0.0,0,0,0,0.0,0,0,0.0,0,0.0,0.0,0,0.0,0,0,0.0,0,0.0,0,0,0,0.0,0,0,0,0.0,0,0,0,0,0,0.0,0,0.0,0,0,0,0,0,0,0,0,0,0,0,0,0,0,0,0,0,0.0,0.0,0
Cryptography Studio v2.0-2.0.0.exe,0.0,0,0,0,0,0,0.0,0,0,0,0.0,0,0,0,0,0,0.0,0,0,0,0.0,0,0,0.0,0.0,0.0,0.0,0,0,0,0.0,0,0.0,0,0,0.0,0,0,0,0,0,0,0,0,0,0,0,0,0.0,0.0,0,0,0,0,0,0,0,0,0,0,0,0.0,0,0,0,0,0,0,0.0,0,0,0,0.10191042566270775,3.2565038645382076,0,0,2.5443204568048734,0,0.0,5.8052122976459755,0,0,0.0,0,0,0,0,0,0,0,0.0,0,0,0.0,0,0,0,0.0,0,0,0.0,0,0.0,0.0,0,0.0,0,0,0.0,0,0.0,0,0,0,0.0,0,0,0,0.0,0,0,0,0,0,0.0,0,0.0,0,0,0,0,0,0,0,0,0,0,0,0,0,0,0,0,0,0.0,0.0,0
CryptoManager-0.3.0.exe,0.0,0,0,0,0,0,0.0,0,0,0,0.0,0,0,0,0,0,0.0,0,0,0,0.0,0,0,0.0,0.0,0.0,0.0,0,0,0,0.0,0,0.0,0,0,0.0,0,0,0,0,0,0,0,0,0,0,0,0,0.0,0.0,0,0,0,0,0,0,0,0,0,0,0,0.0,0,0,0,0,0,0,0.0,0,0,0,0.016408464515625623,4.207249148416749,0,0,0.0,0,0.0,5.38073731764269,0,0,0.0,0,0,0,0,0,0,0,0.0,0,0,0.0,0,0,0,0.0,0,0,0.0,0,0.0,0.0,0,0.0,0,0,0.0,0,0.0,0,0,0,0.0,0,0,0,0.0,0,0,0,0,0,0.0,0,0.0,0,0,0,0,0,0,0,0,0,0,0,0,0,0,0,0,0,0.0,0.0,0
Cryptomator-1.19.1-x64.exe,0.0,0,0,0,0,0,0.0,0,0,0,0.0,0,0,0,0,0,0.0,0,0,0,2.375737947408348,0,0,1.866583804888137,0.0,0.0,0.0,0,0,0,0.0,0,0.0,0,0,0.0,0,0,0,0,0,0,0,0,0,0,0,0,0.0,0.0,0,0,0,0,0,0,0,0,0,0,0,0.0,0,0,0,0,0,0,5.028952299828565,0,0,0,6.813692359617598,4.8996249272117,0,0,0.0,0,0.0,6.471337018253177,0,0,0.0,0,0,0,0,0,0,0,0.7592494141059085,0,0,0.0,0,0,0,0.0,0,0,0.0,0,0.0,0.0,0,0.0,0,0,0.0,0,0.0,0,0,0,0.0,0,0,0,0.0,0,0,0,0,0,0.0,0,0.0,0,0,0,0,0,0,0,0,0,0,0,0,0,0,0,0,0,0.0,0.0,0
cryptomx-2.00.exe,0.0,0,0,0,0,0,0.0,0,0,0,0.0,0,0,0,0,0,0.0,0,0,0,0.0,0,0,0.0,0.0,0.0,0.0,0,0,0,0.0,0,0.0,0,0,0.0,0,0,0,0,0,0,0,0,0,0,0,0,0.0,0.0,0,0,0,0,0,0,0,0,0,0,0,0.0,0,0,0,0,0,0,0.0,0,0,0,0.0,5.1514333490702295,0,0,0.0,0,0.0,6.177588765825629,0,0,0.0,0,0,0,0,0,0,0,0.0,0,0,0.0,0,0,0,0.0,0,0,0.0,0,0.0,0.0,0,0.0,0,0,0.0,0,0.0,0,0,0,0.0,0,0,0,0.0,0,0,0,0,0,0.0,0,0.0,0,0,0,0,0,0,0,0,0,0,0,0,0,0,0,0,0,0.0,0.0,0
dcrypt-0.8.5.exe,0.0,0,0,0,0,0,0.0,0,0,0,0.0,0,0,0,0,0,0.0,0,0,0,2.645859729341441,0,0,0.0,0.0,0.0,0.0,0,0,0,0.0,0,0.0,0,0,0.0,0,0,0,0,0,0,0,0,0,0,0,0,0.0,0.0,0,0,0,0,0,0,0,0,0,0,0,4.518143818525724,0,0,0,0,0,0,4.138204157789335,0,0,0,0.0,5.476431715703284,0,0,0.0,0,0.0,6.186795020052989,0,0,0.0,0,0,0,0,0,0,0,0.0,0,0,0.0,0,0,0,0.0,0,0,0.0,0,0.0,0.0,0,0.0,0,0,0.0,0,0.0,0,0,0,0.0,0,0,0,0.0,0,0,0,0,0,0.0,0,0.0,0,0,0,0,0,0,0,0,0,0,0,0,0,0,0,0,0,0.0,0.0,0
dcrypt-1.1.846.exe,0.0,0,0,0,0,0,0.0,0,0,0,0.0,0,0,0,0,0,0.0,0,0,0,4.056634055238923,0,0,0.0,0.0,0.0,0.0,0,0,0,0.0,0,0.0,0,0,0.0,0,0,0,0,0,0,0,0,0,0,0,0,0.0,0.0,0,0,0,0,0,0,0,0,0,0,0,0.0,0,0,0,0,0,0,4.278605049498135,0,0,0,5.9215156148150765,5.471888417305024,0,0,0.0,0,0.0,6.3589338512619555,0,0,0.0,0,0,0,0,0,0,0,0.0,0,0,0.0,0,0,0,0.0,0,0,0.0,0,0.0,0.0,0,0.0,0,0,0.0,0,0.0,0,0,0,0.0,0,0,0,0.0,0,0,0,0,0,0.0,0,0.0,0,0,0,0,0,0,0,0,0,0,0,0,0,0,0,0,0,0.0,0.0,0
DCU-2.3.0.9.exe,0.0,0,0,0,0,0,0.0,0,0,0,0.0,0,0,0,0,0,0.0,0,0,0,0.0,0,0,0.0,0.0,0.0,0.0,0,0,0,0.0,0,0.0,0,0,0.0,0,0,0,0,0,0,0,0,0,0,0,0,7.998431170805397,5.9563650039956855,0,0,0,0,0,0,0,0,0,0,0,0.0,0,0,0,0,0,0,0.0,0,0,0,0.0,5.32001037525219,0,0,0.0,0,0.0,0.0,0,0,0.0,0,0,0,0,0,0,0,0.0,0,0,0.0,0,0,0,0.0,0,0,0.0,0,0.0,0.0,0,0.0,0,0,0.0,0,0.0,0,0,0,0.0,0,0,0,0.0,0,0,0,0,0,0.0,0,0.0,0,0,0,0,0,0,0,0,0,0,0,0,0,0,0,0,0,0.0,0.0,0
Deadbolt File Encryptor 2023-2.2.1.exe,0.0,0,0,0,0,0,0.0,0,0,0,0.0,0,0,0,0,0,0.0,0,0,0,2.8216297049842707,0,0,0.0,0.0,0.0,0.0,0,0,0,0.0,0,0.0,0,0,0.0,0,0,0,0,0,0,0,0,0,0,0,0,0.0,0.0,0,0,0,0,0,0,0,0,0,0,0,0.0,0,0,0,0,0,0,5.494747259566983,0,0,0,0.0,7.969676002900464,0,0,0.0,0,0.0,6.630891442257362,0,0,0.0,0,0,0,0,0,0,0,0.0,0,0,0.0,0,0,0,0.0,0,0,0.0,0,0.0,0.0,0,0.0,0,0,0.0,0,0.0,0,0,0,0.0,0,0,0,0.0,0,0,0,0,0,0.0,0,0.0,0,0,0,0,0,0,0,0,0,0,0,0,0,0,0,0,0,0.0,0.0,0
DigiVault.exe,0.0,0,0,0,0,0,0.0,0,0,0,0.0,0,0,0,0,0,0.0,0,0,0,0.1638075416558982,0,0,0.0,0.0,0.0,0.0,0,0,0,0.0,0,4.652641333274655,0,0,0.0,0,0,0,0,0,0,0,0,0,0,0,0,0.0,0.0,0,0,0,0,0,0,0,0,0,0,0,0.0,0,0,0,0,0,0,5.01354615045612,0,0,0,0.0,3.9284743600907794,0,0,0.0,0,0.0,5.982433201699597,0,0,0.0,0,0,0,0,0,0,0,0.0,0,0,0.0,0,0,0,0.0,0,0,0.0,0,0.0,0.0,0,0.0,0,0,0.0,0,0.0,0,0,0,0.0,0,0,0,0.0,0,0,0,0,0,0.0,0,0.0,0,0,0,0,0,0,0,0,0,0,0,0,0,0,0,0,0,0.0,0.0,0
DirCryptHide-1.85.exe,0.0,0,0,0,0,0,0.0,0,0,0,0.0,0,0,0,0,0,0.0,0,0,0,0.0,0,0,0.0,0.0,0.0,0.0,0,0,0,0.0,0,0.0,0,0,0.0,0,0,0,0,0,0,0,0,0,0,0,0,0.0,0.0,0,0,0,0,0,0,0,0,0,0,0,0.0,0,0,0,0,0,0,0.0,0,0,0,0.0,7.21416583205909,0,0,0.0,0,0.0,5.194517663593097,0,0,0.0,0,0,0,0,0,0,0,0.0,0,0,0.0,0,0,0,0.0,0,0,0.0,0,0.0,0.0,0,0.0,0,0,0.0,0,0.0,0,0,0,0.0,0,0,0,0.0,0,0,0,0,0,0.0,0,0.0,0,0,0,0,0,0,0,0,0,0,0,0,0,0,0,0,0,0.0,0.0,0
DiskEncryptor-1.8.16.exe,0.0,0,0,0,0,0,0.0,0,0,0,0.0,0,0,0,0,0,0.0,0,0,0,4.270667572310824,0,0,0.0,0.0,0.0,0.0,0,0,0,0.0,0,0.0,0,0,0.0,0,0,0,0,0,0,0,0,0,0,0,0,0.0,0.0,0,0,0,0,0,0,0,0,0,0,0,0.0,0,0,0,0,0,0,4.894692490766803,0,0,0,0.0,4.290749525567023,0,0,0.0,0,0.0,6.590672414429223,0,0,0.0,0,0,0,0,0,0,0,0.0,0,0,0.0,0,0,0,0.0,0,0,0.0,0,0.0,0.0,0,0.0,0,0,0.0,0,0.0,0,0,0,0.0,0,0,0,0.0,0,0,0,0,0,0.0,0,0.0,0,0,0,0,0,0,0,0,0,0,0,0,0,0,0,0,0,0.0,0.0,0
DPCRYPTO-1.0.3.EXE,0.0,0,0,0,0,0,0.0,0,0,0,0.0,0,0,0,0,0,0.0,0,0,0,0.0,0,0,0.0,0.0,0.0,0.0,0,0,0,0.0,0,0.0,0,0,0.0,0,0,0,0,0,0,0,0,0,0,0,0,0.0,0.0,0,0,0,0,0,0,0,0,0,0,0,0.0,0,0,0,0,0,0,0.0,0,0,0,0.0,3.605526598918757,0,0,0.0,0,0.0,0.0,0,0,0.0,0,0,0,0,0,0,0,0.0,0,0,0.0,0,0,0,0.0,0,0,0.0,0,0.0,0.0,0,0.0,0,0,0.0,0,0.0,0,0,0,0.0,0,0,0,0.0,0,0,0,0,0,0.0,0,0.0,0,0,0,0,0,0,0,0,0,0,0,0,0,0,0,0,0,0.0,7.918533067537227,0
DRW-17.0.0.exe,0.0,0,0,0,0,0,0.0,0,0,0,0.0,0,0,0,0,0,0.0,0,0,0,2.4940678742659017,0,0,0.0,0.0,0.0,0.0,0,0,0,0.0,0,0.0,0,0,0.0,0,0,0,0,0,0,0,0,0,0,0,0,0.0,0.0,0,0,0,0,0,0,0,0,0,0,0,3.7695963257491973,0,0,0,0,0,0,4.38885773539626,0,0,0,0.0,7.497779819512862,0,0,0.0,0,0.0,6.070678382597203,0,0,0.0,0,0,0,0,0,0,0,0.0,0,0,0.0,0,0,0,0.0,0,0,0.0,0,0.0,0.0,0,0.0,0,0,0.0,0,0.0,0,0,0,0.0,0,0,0,0.0,0,0,0,0,0,0.0,0,0.0,0,0,0,0,0,0,0,0,0,0,0,0,0,0,0,0,0,0.0,0.0,0
dscrypt.exe,0.0,0,0,0,0,0,0.0,0,0,0,0.0,0,0,0,0,0,0.0,0,0,0,0.0,0,0,0.0,0.0,0.0,0.0,0,0,0,0.0,0,0.0,0,0,0.0,0,0,0,0,0,0,0,0,0,0,0,0,0.0,0.0,0,0,0,0,0,0,0,0,0,0,0,0.0,0,0,0,0,0,0,0.0,0,0,0,0.0,2.9660053063885137,0,0,0.0,0,0.0,0.0,0,0,0.0,0,0,0,0,0,0,0,0.0,0,0,0.0,0,0,0,0.0,0,0,0.0,0,0.0,0.0,0,0.0,0,0,0.0,0,0.0,0,0,0,0.0,0,0,0,0.0,0,0,0,0,0,0.0,0,0.0,0,0,0,0,0,0,0,0,0,0,0,0,0,0,0,0,0,0.0,0.0,0
Duplicati.GUI.TrayIcon-2.3.0.exe,0.0,0,0,0,0,0,0.0,0,0,0,0.0,0,0,0,0,0,0.0,0,0,0,2.262918816316366,0,0,0.0,0.0,0.0,0.0,0,0,0,0.0,0,0.0,0,0,0.0,0,0,0,0,0,0,0,0,0,0,0,0,0.0,0.0,0,0,0,0,0,0,0,0,0,0,0,4.925486626526831,0,0,0,0,0,0,4.84699115114708,0,0,0,4.806473172544241,3.441360929771484,0,0,0.0,0,0.0,6.3630122467283154,0,0,0.0,0,0,0,0,0,0,0,0.0,0,0,0.0,0,0,0,0.0,0,0,0.0,0,0.0,0.0,0,0.0,0,0,0.0,0,0.0,0,0,0,0.0,0,0,0,0.0,0,0,0,0,0,0.0,0,0.0,0,0,0,0,0,0,0,0,0,0,0,0,0,0,0,0,0,0.0,0.0,0
ElGamal.Tool.v1.0-1.0.0.exe,0.0,0,0,0,0,0,0.0,0,0,0,0.0,0,0,0,0,0,0.0,0,0,0,0.0,0,0,0.0,0.0,0.0,0.0,0,0,0,0.0,0,0.0,0,0,0.0,0,0,0,0,0,0,0,0,0,0,0,0,0.0,0.0,0,0,0,0,0,0,0,0,0,0,0,0.0,0,0,0,0,0,0,0.0,0,0,0,0.10191042566270775,3.92292144225325,0,0,0.0,0,0.0,5.586172445615985,0,0,0.0,0,0,0,0,0,0,0,0.0,0,0,0.0,0,0,0,0.0,0,0,0.0,0,0.0,0.0,0,0.0,0,0,0.0,0,0.0,0,0,0,0.0,0,0,0,0.0,0,0,0,0,0,0.0,0,0.0,0,0,0,0,0,0,0,0,0,0,0,0,0,0,0,0,0,0.0,0.0,0
encoder-1.0.0.exe,0.0,0,0,0,0,0,0.0,0,0,0,0.0,0,0,0,0,0,0.0,0,0,0,0.0,0,0,0.0,0.0,0.0,0.0,0,0,0,0.0,0,0.0,0,0,0.0,0,0,0,0,0,0,0,0,0,0,0,0,0.0,0.0,0,0,0,0,0,0,0,0,0,0,0,0.0,0,0,0,0,0,0,0.0,0,0,0,0.10191042566270775,2.449358582117386,0,0,0.0,0,0.0,5.197734359978014,0,0,0.0,0,0,0,0,0,0,0,0.0,0,0,0.0,0,0,0,0.0,0,0,0.0,0,0.0,0.0,0,0.0,0,0,0.0,0,0.0,0,0,0,0.0,0,0,0,0.0,0,0,0,0,0,0.0,0,0.0,0,0,0,0,0,0,0,0,0,0,0,0,0,0,0,0,0,0.0,0.0,0
Encoding Decoding Free-3.05.0.exe,0.0,0,0,0,0,0,0.0,0,0,0,0.0,0,0,0,0,0,0.0,0,0,0,0.0,0,0,0.0,0.0,0.0,0.0,0,0,0,0.0,0,0.0,0,0,0.0,0,0,0,0,0,0,0,0,0,0,0,0,0.0,0.0,0,0,0,0,0,0,0,0,0,0,0,0.0,0,0,0,0,0,0,0.0,0,0,0,0.0,7.112908011367114,0,0,0.0,0,0.0,6.982116369011573,0,0,0.0,0,0,0,0,0,0,0,0.0,0,0,0.0,0,0,0,0.0,0,0,0.0,0,0.0,0.0,0,0.0,0,0,0.0,0,0.0,0,0,0,0.0,0,0,0,0.0,0,0,0,0,0,0.0,0,0.0,0,0,0,0,0,0,0,0,0,0,0,0,0,0,0,0,0,0.0,0.0,0
Encrypics-1.0.0.exe,0.0,0,0,0,0,0,0.0,0,0,0,0.0,0,0,0,0,0,0.0,0,0,0,0.0,0,0,0.0,0.0,0.0,0.0,0,0,0,0.0,0,0.0,0,0,0.0,0,0,0,0,0,0,0,0,0,0,0,0,0.0,0.0,0,0,0,0,0,0,0,0,0,0,0,0.0,0,0,0,0,0,0,0.0,0,0,0,0.10191042566270775,4.9528988536073975,0,0,1.800720089988646,0,0.0,7.413174423838015,0,0,0.0,0,0,0,0,0,0,0,0.0,0,0,0.0,0,0,0,0.0,0,0,0.0,0,0.0,0.0,0,0.0,0,0,0.0,0,0.0,0,0,0,0.0,0,0,0,0.0,0,0,0,0,0,0.0,0,0.0,0,0,0,0,0,0,0,0,0,0,0,0,0,0,0,0,0,0.0,0.0,0
Encrypt-1.5.0.exe,0.0,0,0,0,0,0,0.0,0,0,0,0.0,0,0,0,0,0,0.0,0,0,0,0.0,0,0,0.0,0.0,0.0,0.0,0,0,0,0.0,0,5.016612788183568,0,0,0.0,0,0,0,0,0,0,0,0,0,0,0,0,0.0,0.0,0,0,0,0,0,0,0,0,0,0,0,0.0,0,0,0,0,0,0,0.19196315608732903,0,0,0,6.641070234024746,6.544034083336231,0,0,0.0,0,0.0,0.0,0,0,0.0,0,0,0,0,0,0,0,0.0,0,0,0.0,0,0,0,0.0,0,0,0.0,0,0.0,0.0,0,0.0,0,0,0.0,0,0.0,0,0,0,0.0,0,0,0,0.0,0,0,0,0,0,6.540044742265654,0,6.647787715730707,0,0,0,0,0,0,0,0,0,0,0,0,0,0,0,0,0,0.0,0.0,0
encrypt-4.0.0.exe,0.0,0,0,0,0,0,0.0,0,0,0,0.0,0,0,0,0,0,0.0,0,0,0,3.8182751241126236,0,0,0.25996289920834015,0.0,0.0,0.0,0,0,0,0.0,0,0.0,0,0,0.0,0,0,0,0,0,0,0,0,0,0,0,0,0.0,0.0,0,0,0,0,0,0,0,0,0,0,0,0.0,0,0,0,0,0,0,5.159428174517513,0,0,0,6.6697867168036975,6.344870281509825,0,0,0.0,0,0.0,6.546108891040365,0,0,0.0,0,0,0,0,0,0,0,0.0,0,0,0.0,0,0,0,0.0,0,0,0.0,0,0.0,0.0,0,0.0,0,0,0.0,0,0.0,0,0,0,0.0,0,0,0,5.364619170209927,0,0,0,0,0,0.0,0,0.0,0,0,0,0,0,0,0,0,0,0,0,0,0,0,0,0,0,0.0,0.0,0
Encrypto-1.0.1.0.exe,0.0,0,0,0,0,0,0.0,0,0,0,0.0,0,0,0,0,0,0.0,0,0,0,0.0,0,0,0.0,0.0,0.0,0.0,0,0,0,0.0,0,0.0,0,0,0.0,0,0,0,0,0,0,0,0,0,0,0,0,0.0,0.0,0,0,0,0,0,0,0,0,0,0,0,0.0,0,0,0,0,0,0,0.0,0,0,0,0.10191042566270775,7.469836843594822,0,0,0.0,0,0.0,7.798834072653457,0,0,0.0,0,0,0,0,0,0,0,0.0,0,0,0.0,0,0,0,0.0,0,0,0.0,0,0.0,0.0,0,0.0,0,0,0.0,0,0.0,0,0,0,0.0,0,0,0,0.0,0,0,0,0,0,0.0,0,0.0,0,0,0,0,0,0,0,0,0,0,0,0,0,0,0,0,0,0.0,0.0,0
EncryptOnClick-2.4.16.exe,0.0,0,0,0,0,0,0.0,0,0,0,0.0,0,0,0,0,0,0.0,0,0,0,6.462716456294848,0,0,0.0,4.351419787001901,1.4282266394610381,0.0,0,0,0,0.0,0,5.154764796793694,0,0,6.240911982476312,0,0,0,0,0,0,0,0,0,0,0,0,0.0,0.0,0,0,0,0,0,0,0,0,0,0,0,0.0,0,0,0,0,0,0,1.37384506462077,0,0,0,6.702272353773,7.400121342622601,0,0,0.0,0,0.0,6.53979753753978,0,0,0.0,0,0,0,0,0,0,0,0.0,0,0,0.0,0,0,0,0.0,0,0,0.0,0,0.0,0.0,0,0.0,0,0,0.0,0,0.0,0,0,0,0.0,0,0,0,0.0,0,0,0,0,0,0.0,0,0.0,0,0,0,0,0,0,0,0,0,0,0,0,0,0,0,0,0,0.0,0.0,0
EncryptShell-5.0.0.exe,0.0,0,0,0,0,0,0.0,0,0,0,0.0,0,0,0,0,0,0.0,0,0,0,0.0,0,0,0.0,0.0,0.0,0.0,0,0,0,0.0,0,0.0,0,0,0.0,0,0,0,0,0,0,0,0,0,0,0,0,0.0,0.0,0,0,0,0,0,0,0,0,0,0,0,0.0,0,0,0,0,0,0,0.0,0,0,0,0.0,2.2387718846418,0,0,0.0,0,0.0,5.930392879758064,0,0,0.0,0,0,0,0,0,0,0,0.0,0,0,0.0,0,0,0,0.0,0,0,0.0,0,0.0,0.0,0,0.0,0,0,0.0,0,0.0,0,0,0,0.0,0,0,0,0.0,0,0,0,0,0,0.0,0,0.0,0,0,0,0,0,0,0,0,0,0,0,0,0,0,0,0,0,0.0,0.0,0
Enigma-2.1.0.exe,0.0,0,0,0,0,0,0.0,0,0,0,0.0,0,0,0,0,0,0.0,0,0,0,4.610964351825079,0,0,0.0,0.0,0.0,0.0,0,0,0,0.0,0,0.0,0,0,0.0,0,0,0,0,0,0,0,0,0,0,0,0,0.0,0.0,0,0,0,0,0,0,0,0,0,0,0,6.283565561097254,0,0,0,0,0,0,5.731288225427469,0,0,0,5.442438098265783,5.018080118972401,0,0,0.0,0,0.0,6.475063460737248,0,0,0.0,0,0,0,0,0,0,0,0.0,0,0,0.0,0,0,0,0.0,0,0,0.0,0,0.0,0.0,0,0.0,0,0,0.0,0,0.0,0,0,0,0.0,0,0,0,2.4311857735800815,0,0,0,0,0,0.0,0,0.0,0,0,0,0,0,0,0,0,0,0,0,0,0,0,0,0,0,0.0,0.0,0
Enpass-6.11.20.exe,0.0,0,0,0,0,0,0.0,0,0,0,0.0,0,0,0,0,0,0.0,0,0,0,4.774899921455677,0,0,0.0,0.0,0.0,0.0,0,0,0,0.0,0,0.0,0,0,0.0,0,0,0,0,0,0,0,0,0,0,0,0,0.0,0.0,0,0,0,0,0,0,0,0,0,0,0,0.0,0,0,0,0,0,0,6.8531632237466376,0,0,0,6.640606431389518,5.714010532493452,0,0,0.0,0,0.0,6.650516203590343,0,0,0.0,0,0,0,0,0,0,0,0.0,0,0,0.0,0,0,0,0.0,0,0,0.0,0,0.0,0.0,0,0.0,0,0,0.0,0,0.0,0,0,0,0.0,0,0,0,0.0,0,0,0,0,0,0.0,0,0.0,0,0,0,0,0,0,0,0,0,0,0,0,0,0,0,0,0,0.0,0.0,0
Eraser-0.2.0.exe,0.0,0,0,0,0,0,0.0,0,0,0,0.0,0,0,0,0,0,0.0,0,0,0,0.0,0,0,0.0,0.0,0.0,0.0,0,0,0,0.0,0,0.0,0,0,0.0,0,0,0,0,0,0,0,0,0,0,0,0,0.0,0.0,0,0,0,0,0,0,0,0,0,0,0,0.0,0,0,0,0,0,0,0.0,0,0,0,0.08153941234324169,4.1341308085937,0,0,0.0,0,0.0,5.16986468834208,0,0,0.0,0,0,0,0,0,0,0,0.0,0,0,0.0,0,0,0,0.0,0,0,0.0,0,0.0,0.0,0,0.0,0,0,0.0,0,0.0,0,0,0,0.0,0,0,0,0.0,0,0,0,0,0,0.0,0,0.0,0,0,0,0,0,0,0,0,0,0,0,0,0,0,0,0,0,0.0,0.0,0
Eraser-6.2.0.exe,0.0,0,0,0,0,0,0.0,0,0,0,0.0,0,0,0,0,0,0.0,0,0,0,0.0,0,0,0.0,0.0,0.0,0.0,0,0,0,0.0,0,0.0,0,0,0.0,0,0,0,0,0,0,0,0,0,0,0,0,0.0,0.0,0,0,0,0,0,0,0,0,0,0,0,0.0,0,0,0,0,0,0,0.0,0,0,0,0.10191042566270775,7.607608110100184,0,0,0.0,0,0.0,6.867192827193793,0,0,0.0,0,0,0,0,0,0,0,0.0,0,0,0.0,0,0,0,0.0,0,0,0.0,0,0.0,0.0,0,0.0,0,0,0.0,0,0.0,0,0,0,0.0,0,0,0,0.0,0,0,0,0,0,0.0,0,0.0,0,0,0,0,0,0,0,0,0,0,0,0,0,0,0,0,0,0.0,0.0,0
FastCryptor-2.43.17.exe,0.0,0,0,0,0,0,0.0,0,0,0,0.0,0,0,0,0,0,0.0,0,0,0,0.0,0,0,0.0,0.0,0.0,0.0,0,0,0,0.0,0,0.0,0,0,0.0,0,0,0,0,0,0,0,0,0,0,0,0,0.0,0.0,0,0,0,0,0,0,0,0,0,0,0,0.0,0,0,0,0,0,0,0.0,0,0,0,0.0,0.0,0,0,0.0,0,0.0,0.0,0,0,0.0,0,0,0,0,0,0,0,0.0,0,0,0.0,0,0,0,0.0,0,0,0.0,0,0.0,0.0,0,0.0,0,0,0.0,0,0.0,0,0,0,0.0,0,0,0,0.0,0,0,0,0,0,0.0,0,0.0,0,0,0,0,0,0,0,0,0,0,0,0,0,0,0,0,0,0.0,0.0,0
File Mask-1.2.2.exe,0.0,0,0,0,0,0,0.0,0,0,0,0.0,0,0,0,0,0,0.0,0,0,0,0.0,0,0,0.0,0.0,0.0,0.0,0,0,0,0.0,0,0.0,0,0,0.0,0,0,0,0,0,0,0,0,0,0,0,0,0.0,0.0,0,0,0,0,0,0,0,0,0,0,0,0.0,0,0,0,0,0,0,0.0,0,0,0,0.0,0.0,0,0,0.0,0,0.0,0.0,0,0,0.0,0,0,0,0,0,0,0,0.0,0,0,0.0,0,0,0,0.0,0,0,0.0,0,0.0,0.0,0,0.0,0,0,0.0,0,0.0,0,0,0,0.0,0,0,0,0.0,0,0,0,0,0,0.0,0,0.0,0,0,0,0,0,0,0,0,0,0,0,0,0,0,0,0,0,0.0,0.0,0
file-lock-pea.exe,0.0,0,0,0,0,0,0.0,0,0,0,0.0,0,0,0,0,0,0.11836963125913882,0,0,0,0.3124291846600516,0,0,0.0,0.0,0.0,4.883685988354517,0,0,0,0.0,0,4.922852717723951,0,0,0.0,0,0,0,0,0,0,0,0,0,0,0,0,0.0,0.0,0,0,0,0,0,0,0,0,0,0,0,0.0,0,0,0,0,0,0,5.55669250689837,0,0,0,0.0,3.054046421639632,0,0,0.0,0,0.0,6.253550416172067,0,0,0.20448815743984491,0,0,0,0,0,0,0,0.0,0,0,0.0,0,0,0,0.0,0,0,0.0,0,0.0,0.0,0,0.0,0,0,0.0,0,0.0,0,0,0,0.0,0,0,0,0.0,0,0,0,0,0,0.0,0,0.0,0,0,0,0,0,0,0,0,0,0,0,0,0,0,0,0,0,0.0,0.0,0
FileBackup-2.8.4.exe,0.0,0,0,0,0,0,0.0,0,0,0,0.0,0,0,0,0,0,0.0,0,0,0,0.0,0,0,0.0,0.0,0.0,0.0,0,0,0,0.0,0,4.852016911911521,0,0,0.0,0,0,0,0,0,0,0,0,0,0,0,0,0.0,0.0,0,0,0,0,0,0,0,0,0,0,0,0.0,0,0,0,0,0,0,0.1952012677871819,0,0,0,6.62911615798491,6.393381010417305,0,0,0.0,0,0.0,0.0,0,0,0.0,0,0,0,0,0,0,0,0.0,0,0,0.0,0,0,0,0.0,0,0,0.0,0,0.0,0.0,0,0.0,0,0,0.0,0,0.0,0,0,0,0.0,0,0,0,0.0,0,0,0,0,0,6.550049936879722,0,4.635083499582478,0,0,0,0,0,0,0,0,0,0,0,0,0,0,0,0,0,0.0,0.0,0
FileCrypt-1.0.2.exe,0.0,0,0,0,0,0,0.0,0,0,0,0.0,0,0,0,0,0,0.0,0,0,0,0.0,0,0,0.0,0.0,0.0,0.0,0,0,0,0.0,0,0.0,0,0,0.0,0,0,0,0,0,0,0,0,0,0,0,0,0.0,0.0,0,0,0,0,0,0,0,0,0,0,0,0.0,0,0,0,0,0,0,0.0,0,0,0,0.013126943721219527,4.087550908077038,0,0,0.0,0,0.0,5.095016341242111,0,0,0.0,0,0,0,0,0,0,0,0.0,0,0,0.0,0,0,0,0.0,0,0,0.0,0,0.0,0.0,0,0.0,0,0,0.0,0,0.0,0,0,0,0.0,0,0,0,0.0,0,0,0,0,0,0.0,0,0.0,0,0,0,0,0,0,0,0,0,0,0,0,0,0,0,0,0,0.0,0.0,0
FileEncrypt-1.2.0.exe,0.0,0,0,0,0,0,0.0,0,0,0,0.0,0,0,0,0,0,0.0,0,0,0,0.0,0,0,0.0,0.0,0.0,0.0,0,0,0,0.0,0,0.0,0,0,0.0,0,0,0,0,0,0,0,0,0,0,0,0,0.0,0.0,0,0,0,0,0,0,0,0,0,0,0,0.0,0,0,0,0,0,0,0.0,0,0,0,0.0,4.179653162126731,0,0,0.0,0,0.0,0.0,0,0,0.0,0,0,0,0,0,0,0,0.0,0,0,0.0,0,0,0,0.0,0,0,0.0,0,0.0,0.0,0,0.0,0,0,0.0,0,0.0,0,0,0,0.0,0,0,0,0.0,0,0,0,0,0,0.0,0,0.0,0,0,0,0,0,0,0,0,0,0,0,0,0,0,0,0,0,0.0,7.922369019128831,0
FileGuard-4.5.3.exe,0.0,0,0,0,0,0,0.0,0,0,0,0.0,0,0,0,0,0,0.0,0,0,0,0.3466925539007212,0,0,0.0,0.0,0.0,0.0,0,0,0,0.0,0,4.619975883292714,0,0,0.0,0,0,0,0,0,0,0,0,0,0,0,0,0.0,0.0,0,0,0,0,0,0,0,0,0,0,0,0.0,0,0,0,0,0,0,4.998075065895868,0,0,0,0.0,1.2337888260223737,0,0,0.0,0,0.0,6.059510496728829,0,0,0.0,0,0,0,0,0,0,0,0.0,0,0,0.0,0,0,0,0.0,0,0,0.0,0,0.0,0.0,0,0.0,0,0,0.0,0,0.0,0,0,0,0.0,0,0,0,0.0,0,0,0,0,0,0.0,0,0.0,0,0,0,0,0,0,0,0,0,0,0,0,0,0,0,0,0,0.0,0.0,0
FileRandomizer-2.1.0.exe,0.0,0,0,0,0,0,0.0,0,0,0,0.0,0,0,0,0,0,0.0,0,0,0,4.5912306182632845,0,0,0.0,0.0,0.0,0.0,0,0,0,0.0,0,0.0,0,0,0.0,0,0,0,0,0,0,0,0,0,0,0,0,0.0,0.0,0,0,0,0,0,0,0,0,0,0,0,0.0,0,0,0,0,0,0,4.653964743535319,0,0,0,0.0,3.599729441022995,0,0,0.0,0,0.0,6.622378972222977,0,0,0.0,0,0,0,0,0,0,0,0.0,0,0,0.0,0,0,0,0.0,0,0,0.0,0,0.0,0.0,0,0.0,0,0,0.0,0,0.0,0,0,0,0.0,0,0,0,0.0,0,0,0,0,0,0.0,0,0.0,0,0,0,0,0,0,0,0,0,0,0,0,0,0,0,0,0,0.0,0.0,0
FileShredder-2.4.1.exe,0.0,0,0,0,0,0,0.0,0,0,0,0.0,0,0,0,0,0,0.0,0,0,0,0.0,0,0,0.0,0.0,0.0,0.0,0,0,0,0.0,0,5.017687195104902,0,0,0.0,0,0,0,0,0,0,0,0,0,0,0,0,0.0,0.0,0,0,0,0,0,0,0,0,0,0,0,0.0,0,0,0,0,0,0,0.1952012677871819,0,0,0,6.662376728167396,6.158465666312505,0,0,0.0,0,0.0,0.0,0,0,0.0,0,0,0,0,0,0,0,0.0,0,0,0.0,0,0,0,0.0,0,0,0.0,0,0.0,0.0,0,0.0,0,0,0.0,0,0.0,0,0,0,0.0,0,0,0,0.0,0,0,0,0,0,6.527913681102024,0,4.526748444911016,0,0,0,0,0,0,0,0,0,0,0,0,0,0,0,0,0,0.0,0.0,0
file_shredder-2.5.5.exe,0.0,0,0,0,0,0,0.0,0,0,0,0.0,0,0,0,0,0,0.0,0,0,0,4.6410422463214145,0,0,0.0,0.0,0.0,0.0,0,0,0,0.0,0,5.221680475236148,0,0,5.947351702585591,0,0,0,0,0,0,0,0,0,0,0,0,0.0,0.0,0,0,0,0,0,0,0,0,0,0,0,0.0,0,0,0,0,0,0,0.2108262677871819,0,0,0,6.635031920668141,6.190612056853119,0,0,0.0,0,0.0,6.466813247147287,0,0,0.0,0,0,0,0,0,0,0,0.0,0,0,0.0,0,0,0,0.0,0,0,0.0,0,0.0,0.0,0,0.0,0,0,0.0,0,0.0,0,0,0,0.0,0,0,0,0.0,0,0,0,0,0,0.0,0,0.0,0,0,0,0,0,0,0,0,0,0,0,0,0,0,0,0,0,0.0,0.0,0
FinalCrypt.exe,0.0,0,0,0,0,0,0.0,0,0,0,0.0,0,0,0,0,0,0.0,0,0,0,1.9906479179666972,0,0,0.0,0.0,0.0,0.0,0,0,0,0.0,0,0.0,0,0,0.0,0,0,0,0,0,0,0,0,0,0,0,0,0.0,0.0,0,0,0,0,0,0,0,0,0,0,0,2.9463352897254573,0,0,0,0,0,0,4.116191076927298,0,0,0,0.9090094833417734,7.957144711206816,0,0,0.0,0,0.0,5.981625497505967,0,0,0.0,0,0,0,0,0,0,0,0.0,0,0,0.0,0,0,0,0.0,0,0,0.0,0,0.0,0.0,0,0.0,0,0,0.0,0,0.0,0,0,0,0.0,0,0,0,0.0,0,0,0,0,0,0.0,0,0.0,0,0,0,0,0,0,0,0,0,0,0,0,0,0,0,0,0,0.0,0.0,0
FortPortable.exe,0.0,0,0,0,0,0,0.0,0,0,0,0.0,0,0,0,0,0,0.0,0,0,0,1.1988106744719143,0,0,0.0,0.0,0.0,0.0,0,0,0,0.0,0,0.0,0,0,0.0,0,0,0,0,0,0,0,0,0,0,0,0,0.0,0.0,0,0,0,0,0,0,0,0,0,0,0,0.0,0,0,0,0,0,0,5.760731648769018,0,0,0,6.782377328042204,4.989252717251407,0,0,0.0,0,0.0,6.675875439961112,0,0,0.0,0,0,0,0,0,0,0,0.0,0,0,0.0,0,0,0,0.0,0,0,0.0,0,0.0,0.0,0,0.0,0,0,0.0,0,0.0,0,0,0,0.0,0,0,0,0.0,0,0,0,0,0,0.0,0,0.0,0,0,0,0,0,0,0,0,0,0,0,0,0,0,0,0,0,0.0,0.0,0
fprotect-4.0.0.exe,0.0,0,0,0,0,0,0.0,0,0,0,0.0,0,0,0,0,0,0.0,0,0,0,5.781138465712,0,0,0.0,3.638452981273558,0.0,0.0,0,0,0,0.0,0,5.262429240012978,0,0,6.2014189935658655,0,0,0,0,0,0,0,0,0,0,0,0,0.0,0.0,0,0,0,0,0,0,0,0,0,0,0,0.0,0,0,0,0,0,0,0.2108262677871819,0,0,0,6.697432966735599,6.156846537939785,0,0,0.0,0,0.0,6.443663207196585,0,0,0.0,0,0,0,0,0,0,0,0.0,0,0,0.0,0,0,0,0.0,0,0,0.0,0,0.0,0.0,0,0.0,0,0,0.0,0,0.0,0,0,0,0.0,0,0,0,0.0,0,0,0,0,0,0.0,0,0.0,0,0,0,0,0,0,0,0,0,0,0,0,0,0,0,0,0,0.0,0.0,0
Free AVFileCrypter-1.47.exe,0.0,0,0,0,0,0,0.0,0,0,0,0.0,0,0,0,0,0,0.0,0,0,0,0.0,0,0,0.0,0.0,0.0,0.0,0,0,0,0.0,0,0.0,0,0,0.0,0,0,0,0,0,0,0,0,0,0,0,0,0.0,0.0,0,0,0,0,0,0,0,0,0,0,0,0.0,0,0,0,0,0,0,0.0,0,0,0,0.0,7.467454453590701,0,0,0.0,0,0.0,6.698580610608021,0,0,0.0,0,0,0,0,0,0,0,0.0,0,0,0.0,0,0,0,0.0,0,0,0.0,0,0.0,0.0,0,0.0,0,0,0.0,0,0.0,0,0,0,0.0,0,0,0,0.0,0,0,0,0,0,0.0,0,0.0,0,0,0,0,0,0,0,0,0,0,0,0,0,0,0,0,0,0.0,0.0,0
Free BitLocker Manager-2.0.0.exe,0.0,0,0,0,0,0,0.0,0,0,0,0.0,0,0,0,0,0,0.0,0,0,0,0.0,0,0,0.0,0.0,0.0,0.0,0,0,0,0.0,0,0.0,0,0,0.0,0,0,0,0,0,0,0,0,0,0,0,0,0.0,0.0,0,0,0,0,0,0,0,0,0,0,0,0.0,0,0,0,0,0,0,0.0,0,0,0,0.10191042566270775,3.7369977905670453,0,0,0.0,0,0.0,6.629355828190568,0,0,0.0,0,0,0,0,0,0,0,0.0,0,0,0.0,0,0,0,0.0,0,0,0.0,0,0.0,0.0,0,0.0,0,0,0.0,0,0.0,0,0,0,0.0,0,0,0,0.0,0,0,0,0,0,0.0,0,0.0,0,0,0,0,0,0,0,0,0,0,0,0,0,0,0,0,0,0.0,0.0,0
FreeArc.exe,0.0,0,0,0,0,0,0.0,0,0,0,0.0,0,0,0,0,0,0.0,0,0,0,3.4222272175200734,0,0,0.0,0.0,0.0,0.0,0,0,0,0.0,0,5.142026748311855,0,0,0.0,0,0,0,0,0,0,0,0,0,0,0,0,0.0,0.0,0,0,0,0,0,0,0,0,0,0,0,0.0,0,0,0,0,0,0,5.4120918000457685,0,0,0,0.0,5.392109233364868,0,0,0.0,0,0.0,6.124919212510993,0,0,0.0,0,0,0,0,0,0,0,0.0,0,0,0.0,0,0,0,0.0,0,0,0.0,0,0.0,0.0,0,0.0,0,0,0.0,0,0.0,0,0,0,0.0,0,0,0,0.0,0,0,0,0,0,0.0,0,0.0,0,0,0,0,0,0,0,0,0,0,0,0,0,0,0,0,0,0.0,0.0,0
Freeraser-1.0.0.exe,0.0,0,0,0,0,0,0.0,0,0,0,0.0,0,0,0,0,0,0.0,0,0,0,4.297208468441617,0,0,0.0,0.0,0.0,0.0,0,0,0,0.0,0,0.0,0,0,0.0,0,0,0,0,0,0,0,0,0,0,0,0,0.0,0.0,0,0,0,0,0,0,0,0,0,0,0,0.0,0,0,0,0,0,0,4.792639372218557,0,0,0,4.337576643328338,6.646939576019805,0,0,0.0,0,0.0,6.285493987804328,0,0,0.0,0,0,0,0,0,0,0,0.0,0,0,0.0,0,0,0,0.0,0,0,0.0,0,0.0,0.0,0,0.0,0,0,0.0,0,0.0,0,0,0,0.0,0,0,0,0.0,0,0,0,0,0,0.0,0,0.0,0,0,0,0,0,0,0,0,0,0,0,0,0,0,0,0,0,0.0,0.0,0
Gemc-2.0.0.exe,0.0,0,0,0,0,0,0.0,0,0,0,0.0,0,0,0,0,0,0.0,0,0,0,2.2534118049484273,0,0,0.0,0.0,0.0,0.0,0,0,0,0.0,0,0.0,0,0,0.0,0,0,0,0,0,0,0,0,0,0,0,0,0.0,0.0,0,0,0,0,0,0,0,0,0,0,0,0.0,0,0,0,0,0,0,5.162481834030332,0,0,0,3.494448334260618,7.476282858211607,0,0,0.0,0,0.0,6.509652725881564,0,0,0.0,0,0,0,0,0,0,0,0.0,0,0,0.0,0,0,0,0.0,0,0,0.0,0,0.0,0.0,0,0.0,0,0,0.0,0,0.0,0,0,0,0.0,0,0,0,0.0,0,0,0,0,0,0.0,0,0.0,0,0,0,0,0,0,0,0,0,0,0,0,0,0,0,0,0,0.0,0.0,0
GoFileEncoder_portable_windows_amd64.exe,0.0,0,0,0,0,0,0.0,0,0,0,0.0,0,0,0,0,0,0.0,0,0,0,3.892203784130442,0,0,0.0,0.0,0.0,0.0,0,0,0,0.0,0,4.004359822974395,0,0,0.0,0,0,0,0,0,0,0,0,0,0,0,0,0.0,0.0,0,0,0,0,0,0,0,0,0,0,0,5.34915512092504,0,0,0,0,0,0,5.565378356308551,0,0,0,5.414588112770971,0.0,0,0,0.0,0,5.187602393803526,6.234057446408621,0,0,0.0,0,0,0,0,0,0,0,0.0,0,0,1.7635806726373504,0,0,0,7.614244407985375,0,0,7.993930251255994,0,7.931210370330561,5.672569187791103,0,1.2377226672922128,0,0,7.998615513565661,0,7.994592858379682,0,0,0,0.0,0,0,0,0.0,0,0,0,0,0,0.0,0,0.0,0,0,0,0,0,0,0,0,0,0,0,0,0,0,0,0,0,0.0,0.0,0
GoodSync-12.9.28.exe,0.0,0,0,0,0,0,0.0,0,0,0,0.0,0,0,0,0,0,0.0,0,0,0,4.760374564611826,0,0,0.0,0.0,0.0,0.0,0,0,0,0.0,0,0.0,0,0,0.0,0,0,0,0,0,0,0,0,0,0,0,0,0.0,0.0,0,0,0,0,0,0,0,0,0,0,0,6.462917209819873,0,0,0,0,0,0,6.566317874777301,0,0,0,0.0,3.8125096663521236,0,0,0.0,0,0.0,6.562383978606951,0,0,0.0,0,0,0,0,0,0,0,0.0,0,0,0.0,0,0,0,0.0,0,0,0.0,0,0.0,0.0,0,0.0,0,0,0.0,0,0.0,0,0,0,0.0,0,0,0,0.0,0,0,0,0,0,0.0,0,0.0,0,0,0,0,0,0,0,0,0,0,0,0,0,0,0,0,0,0.0,0.0,0
gpg-2.5.18.exe,0.0,0,0,0,0,0,0.0,0,0,0,0.0,0,0,0,0,0,0.27354613835361985,0,0,0,2.6853001594814097,0,0,0.0,0.0,0.0,0.0,0,0,0,0.0,0,4.603348443032757,0,0,0.0,0,0,0,0,0,0,0,0,0,0,0,0,0.0,0.0,0,0,0,0,0,0,0,0,0,0,0,5.890425880756486,0,0,0,0,0,0,5.7039979259094356,0,0,0,0.0,4.023663719521876,0,0,0.0,0,0.0,6.293115252914428,0,0,0.0,0,0,0,0,0,0,0,0.0,0,0,4.737374291887929,0,0,0,0.0,0,0,0.0,0,0.0,0.0,0,0.0,0,0,0.0,0,0.0,0,0,0,0.0,0,0,0,0.0,0,0,0,0,0,0.0,0,0.0,0,0,0,0,0,0,0,0,0,0,0,0,0,0,0,0,0,0.0,0.0,0
GuardAxon.exe,0.0,0,0,0,0,0,0.0,0,0,0,0.0,0,0,0,0,0,0.0,0,0,0,0.0,0,0,0.0,0.0,0.0,0.0,0,0,0,0.0,0,0.0,0,0,0.0,0,0,0,0,0,0,0,0,0,0,0,0,0.0,0.0,0,0,0,0,0,0,0,0,0,0,0,0.0,0,0,0,0,0,0,0.0,0,0,0,0.0,6.017172005795361,0,0,0.0,0,0.0,0.0,0,0,0.0,0,0,0,0,0,0,0,0.0,0,0,0.0,0,0,0,0.0,0,0,0.0,0,0.0,0.0,0,0.0,0,0,0.0,0,0.0,0,0,0,0.0,0,0,0,0.0,0,0,0,0,0,0.0,0,0.0,0,0,0,0,0,0,0,0,0,0,0,0,0,0,0,0,0,0.0,0.0,0
GullLocker-1.2.0.exe,0.0,0,0,0,0,0,0.0,0,0,0,0.0,0,0,0,0,0,0.06116285224115448,0,0,0,5.909001883813566,0,0,0.0,0.0,0.0,0.0,0,0,0,0.0,0,5.065421081007074,0,0,0.0,0,0,0,0,0,0,0,0,0,0,0,0,0.0,0.0,0,0,0,0,0,0,0,0,0,0,0,0.0,0,0,0,0,0,0,5.543178582864162,0,0,0,0.0,5.522029441135683,0,0,0.0,0,0.0,6.045891956968461,0,0,0.0,0,0,0,0,0,0,0,0.0,0,0,0.0,0,0,0,0.0,0,0,0.0,0,0.0,0.0,0,0.0,0,0,0.0,0,0.0,0,0,0,0.0,0,0,0,0.0,0,0,0,0,0,0.0,0,0.0,0,0,0,0,0,0,0,0,0,0,0,0,0,0,0,0,0,0.0,0.0,0
gzip-1.3.12.exe,0.0,0,0,0,0,0,0.0,0,0,0,0.0,0,0,0,0,0,0.0,0,0,0,4.8864287996605,0,0,0.0,0.0,0.0,0.0,0,0,0,0.0,0,4.3424367725342305,0,0,0.0,0,0,0,0,0,0,0,0,0,0,0,0,0.0,0.0,0,0,0,0,0,0,0,0,0,0,0,0.0,0,0,0,0,0,0,4.849630694520261,0,0,0,0.0,3.400929970787292,0,0,0.0,0,0.0,6.358866599446542,0,0,0.0,0,0,0,0,0,0,0,0.0,0,0,0.0,0,0,0,0.0,0,0,0.0,0,0.0,0.0,0,0.0,0,0,0.0,0,0.0,0,0,0,0.0,0,0,0,0.0,0,0,0,0,0,0.0,0,0.0,0,0,0,0,0,0,0,0,0,0,0,0,0,0,0,0,0,0.0,0.0,0
HandyBackup8-8.6.8.exe,0.0,0,0,0,0,0,0.0,0,0,0,0.0,0,0,0,0,0,0.0,0,0,0,4.8308472063108985,0,0,0.0,0.0,0.0,0.0,0,0,0,0.0,0,0.0,0,0,0.0,0,0,0,0,0,0,0,0,0,0,0,0,0.0,0.0,0,0,0,0,0,0,0,0,0,0,0,0.0,0,0,0,0,0,0,5.200808270224235,0,0,0,6.614238799910783,4.223075914036703,0,0,0.0,0,0.0,6.422481620501001,0,0,0.0,0,0,0,0,0,0,0,0.0,0,0,0.0,0,0,0,0.0,0,0,0.0,0,0.0,0.0,0,0.0,0,0,0.0,0,0.0,0,0,0,0.0,0,0,0,0.0,0,0,0,0,0,0.0,0,0.0,0,0,0,0,0,0,0,0,0,0,0,0,0,0,0,0,0,0.0,0.0,0
hwgui-5.2.1.exe,0.0,0,0,0,0,0,0.0,0,0,0,0.0,0,0,0,0,0,0.0,0,0,0,3.874355885203887,0,0,0.0,0.0,0.0,0.0,0,0,0,0.27718562076190567,0,0.0,0,0,0.0,0,0,0,0,0,0,0,0,0,0,0,0,0.0,0.0,0,0,0,0,0,0,0,0,0,0,0,5.934260756208365,0,0,0,0,0,0,7.504382987571475,0,0,0,5.383342958632949,3.4028963763735787,0,0,0.0,0,0.0,6.373622798546362,0,0,0.020393135236084953,0,0,0,0,0,0,0,0.0,0,0,0.0,0,0,0,0.0,0,0,0.0,0,0.0,0.0,0,0.0,0,0,0.0,0,0.0,0,0,0,0.0,0,0,0,0.0,0,0,0,0,0,0.0,0,0.0,0,0,0,0,0,0,0,0,0,0,0,0,0,0,0,0,0,0.0,0.0,0
hwipe-5.2.1.exe,0.0,0,0,0,0,0,0.0,0,0,0,0.0,0,0,0,0,0,0.0,0,0,0,4.057145668100068,0,0,0.0,0.0,0.0,0.0,0,0,0,3.8194912781126544,0,0.0,0,0,0.0,0,0,0,0,0,0,0,0,0,0,0,0,0.0,0.0,0,0,0,0,0,0,0,0,0,0,0,5.944103153802744,0,0,0,0,0,0,4.756944342239117,0,0,0,5.442560615365272,3.7069974166844823,0,0,0.0,0,0.0,6.50308215743629,0,0,0.020393135236084953,0,0,0,0,0,0,0,0.0,0,0,0.0,0,0,0,0.0,0,0,0.0,0,0.0,0.0,0,0.0,0,0,0.0,0,0.0,0,0,0,0.0,0,0,0,0.0,0,0,0,0,0,0.0,0,0.0,0,0,0,0,0,0,0,0,0,0,0,0,0,0,0,0,0,0.0,0.0,0
inKeyLauncher-1.0.5.exe,0.0,0,0,0,0,0,0.0,0,0,0,0.0,0,0,0,0,0,0.0,0,0,0,0.0,0,0,0.0,0.0,0.0,0.0,0,0,0,0.0,0,0.0,0,0,0.0,0,0,0,0,0,0,0,0,0,0,0,0,0.0,0.0,0,0,0,0,0,0,0,0,0,0,0,0.0,0,0,0,0,0,0,0.0,0,0,0,0.08153941234324169,3.587932171434948,0,0,0.0,0,0.0,7.170134053653765,0,0,0.0,0,0,0,0,0,0,0,0.0,0,0,0.0,0,0,0,0.0,0,0,0.0,0,0.0,0.0,0,0.0,0,0,0.0,0,0.0,0,0,0,0.0,0,0,0,0.0,0,0,0,0,0,0.0,0,0.0,0,0,0,0,0,0,0,0,0,0,0,0,0,0,0,0,0,0.0,0.0,0
isprotector_c-2.8.1.exe,0.0,0,0,0,0,0,0.0,0,0,0,0.0,0,0,0,0,0,0.0,0,0,0,0.0,0,0,0.0,0.0,0.0,0.0,0,0,0,0.0,0,0.0,0,0,0.0,0,0,0,0,0,0,0,0,0,0,0,0,0.0,0.0,0,0,0,0,0,0,0,0,0,0,0,0.0,0,0,0,0,0,0,0.0,0,0,0,0.10191042566270775,5.856219501367075,0,0,3.2378394902564476,0,0.0,7.02955177371969,0,0,0.0,0,0,0,0,0,0,0,0.0,0,0,0.0,0,0,0,0.0,0,0,0.0,0,0.0,0.0,0,0.0,0,0,0.0,0,0.0,0,0,0,0.0,0,0,0,0.0,0,0,0,0,0,0.0,0,0.0,0,0,0,0,0,0,0,0,0,0,0,0,0,0,0,0,0,0.0,0.0,0
IZArc-4.6.0.exe,0.0,0,0,0,0,0,0.0,0,0,0,0.0,0,0,0,0,0,0.0,0,0,0,5.986702536071179,0,0,0.0,0.0,0.0,0.0,0,0,0,0.0,0,5.229125516267353,0,0,5.808258930806798,0,0,0,0,0,0,0,0,0,0,0,0,0.0,0.0,0,0,0,0,0,0,0,0,0,0,0,0.0,0,0,0,0,0,0,0.2108262677871819,0,0,0,6.664631116516251,5.260381796900812,0,0,0.0,0,0.0,6.445773292814251,0,0,0.0,0,0,0,0,0,0,0,0.0,0,0,0.0,0,0,0,0.0,0,0,0.0,0,0.0,0.0,0,0.0,0,0,0.0,0,0.0,0,0,0,0.0,0,0,0,0.0,0,0,0,0,0,0.0,0,0.0,0,0,0,0,0,0,0,0,0,0,0,0,0,0,0,0,0,0.0,0.0,0
Jade Encryption-1.1.0.exe,0.0,0,0,0,0,0,0.0,0,0,0,0.0,0,0,0,0,0,0.0,0,0,0,0.0,0,0,0.0,0.0,0.0,0.0,0,0,0,0.0,0,0.0,0,0,0.0,0,0,0,0,0,0,0,0,0,0,0,0,0.0,0.0,0,0,0,0,0,0,0,0,0,0,0,0.0,0,0,0,0,0,0,0.0,0,0,0,0.10191042566270775,1.7767948306979464,0,0,0.0,0,0.0,7.332172768582038,0,0,0.0,0,0,0,0,0,0,0,0.0,0,0,0.0,0,0,0,0.0,0,0,0.0,0,0.0,0.0,0,0.0,0,0,0.0,0,0.0,0,0,0,0.0,0,0,0,0.0,0,0,0,0,0,0.0,0,0.0,0,0,0,0,0,0,0,0,0,0,0,0,0,0,0,0,0,0.0,0.0,0
KeePass-1.43.exe,0.0,0,0,0,0,0,0.0,0,0,0,0.0,0,0,0,0,0,0.0,0,0,0,3.1127787112542595,0,0,0.0,0.0,0.0,0.0,0,0,0,0.0,0,0.0,0,0,0.0,0,0,0,0,0,0,0,0,0,0,0,0,0.0,0.0,0,0,0,0,0,0,0,0,0,0,0,0.0,0,0,0,0,0,0,5.2462845397004525,0,0,0,5.698733869339278,6.246222609695686,0,0,0.0,0,0.0,6.6152828464112154,0,0,0.0,0,0,0,0,0,0,0,0.0,0,0,0.0,0,0,0,0.0,0,0,0.0,0,0.0,0.0,0,0.0,0,0,0.0,0,0.0,0,0,0,0.0,0,0,0,0.0,0,0,0,0,0,0.0,0,0.0,0,0,0,0,0,0,0,0,0,0,0,0,0,0,0,0,0,0.0,0.0,0
KeePass-2.61.exe,0.0,0,0,0,0,0,0.0,0,0,0,0.0,0,0,0,0,0,0.0,0,0,0,0.0,0,0,0.0,0.0,0.0,0.0,0,0,0,0.0,0,0.0,0,0,0.0,0,0,0,0,0,0,0,0,0,0,0,0,0.0,0.0,0,0,0,0,0,0,0,0,0,0,0,0.0,0,0,0,0,0,0,0.0,0,0,0,0.09800417566270775,6.1856304674816,0,0,0.0,0,0.0,6.6826628372349335,0,0,0.0,0,0,0,0,0,0,0,0.0,0,0,0.0,0,0,0,0.0,0,0,0.0,0,0.0,0.0,0,0.0,0,0,0.0,0,0.0,0,0,0,0.0,0,0,0,0.0,0,0,0,0,0,0.0,0,0.0,0,0,0,0,0,0,0,0,0,0,0,0,0,0,0,0,0,0.0,0.0,0
KeePassXC-2.7.12.exe,0.0,0,0,0,0,0,0.0,0,0,0,0.0,0,0,0,0,0,0.0,0,0,0,4.092776673362879,0,0,0.0,0.0,0.0,0.0,0,0,0,0.0,0,0.0,0,0,0.0,0,0,0,0,0,0,0,0,0,0,0,0,0.0,0.0,0,0,0,0,0,0,0,0,0,0,0,6.184971929031196,0,0,0,0,0,0,6.449740074937992,0,0,0,5.451514021650955,5.748712303760512,0,0,0.0,0,0.0,6.289832110213481,0,0,0.0,0,0,0,0,0,0,0,0.0,0,0,0.0,0,0,0,0.0,0,0,0.0,0,0.0,0.0,0,0.0,0,0,0.0,0,0.0,0,0,0,0.0,0,0,0,0.0,0,0,0,0,0,0.0,0,0.0,0,0,0,0,0,0,0,0,0,0,0,0,0,0,0,0,0,0.0,0.0,0
KillDisk-26.0.15.exe,0.0,0,0,0,0,0,0.0,0,0,0,0.0,0,0,0,0,0,0.0,0,0,0,4.251290907127382,0,0,0.0,0.0,0.0,0.0,0,0,0,0.0,0,0.0,0,0,0.0,0,0,0,0,0,0,0,0,0,0,0,0,0.0,0.0,0,0,0,0,0,0,0,0,0,0,0,6.1865961431279155,0,0,0,0,0,0,6.417537494613848,0,0,0,5.45450063582637,4.6139894354527105,0,0,0.0,0,0.0,6.345928759784435,0,0,0.0,0,0,0,0,0,0,0,0.0,0,0,0.0,0,0,0,0.0,0,0,0.0,0,0.0,0.0,0,0.0,0,0,0.0,0,0.0,0,0,0,0.0,0,0,0,0.5156789934533421,0,0,0,0,0,0.0,0,0.0,0,0,0,0,0,0,0,0,0,0,0,0,0,0,0,0,0,0.0,0.0,0
kleopatra-5.0.2.exe,0.0,0,0,0,0,0,0.0,0,0,0,0.0,0,0,0,0,0,0.0,0,0,0,1.5648208477126542,0,0,0.0,0.0,0.0,0.0,0,0,0,0.0,0,5.512283515433713,0,0,0.0,0,0,0,0,0,0,0,0,0,0,0,0,0.0,0.0,0,0,0,0,0,0,0,0,0,0,0,6.3521011392758915,0,0,0,0,0,0,5.017745808550706,0,0,0,5.456256366140919,7.013586433203224,0,0,0.0,0,0.0,6.083762473070584,0,0,0.0,0,0,0,0,0,0,0,0.0,0,0,5.888320753744263,0,0,0,0.0,0,0,0.0,0,0.0,0.15908382530476972,0,0.0,0,0,0.0,0,0.0,0,0,0,0.0,0,0,0,0.0,0,0,0,0,0,0.0,0,0.0,0,0,0,0,0,0,0,0,0,0,0,0,0,0,0,0,0,0.0,0.0,0
KPKFile-17.5.exe,0.0,0,0,0,0,0,0.0,0,0,0,0.0,0,0,0,0,0,0.0,0,0,0,0.0,0,0,0.0,0.0,0.0,0.0,0,0,0,0.0,0,0.0,0,0,0.0,0,0,0,0,0,0,0,0,0,0,0,0,0.0,0.0,0,0,0,0,0,0,0,0,0,0,0,0.0,0,0,0,0,0,0,0.0,0,0,0,0.08153941234324169,2.643007270162287,0,0,0.0,0,0.0,5.742566832255791,0,0,0.0,0,0,0,0,0,0,0,0.0,0,0,0.0,0,0,0,0.0,0,0,0.0,0,0.0,0.0,0,0.0,0,0,0.0,0,0.0,0,0,0,0.0,0,0,0,0.0,0,0,0,0,0,0.0,0,0.0,0,0,0,0,0,0,0,0,0,0,0,0,0,0,0,0,0,0.0,0.0,0
KrCC-1.36.1.exe,0.0,0,0,0,0,0,0.0,0,0,0,0.0,0,0,0,0,0,0.0,0,0,0,3.8597812149245003,0,0,0.0,0.0,0.0,0.0,0,0,0,0.0,0,0.0,0,0,0.0,0,0,0,0,0,0,0,0,0,0,0,0,0.0,0.0,0,0,0,0,0,0,0,0,0,0,0,0.0,0,0,0,0,0,0,4.801410864609875,0,0,0,0.0,7.110711408265517,0,0,0.0,0,0.0,6.451045292929631,0,0,0.0,0,0,0,0,0,0,0,0.0,0,0,0.0,0,0,0,0.0,0,0,0.0,0,0.0,0.0,0,0.0,0,0,0.0,0,0.0,0,0,0,0.0,0,0,0,0.0,0,0,0,0,0,0.0,0,0.0,0,0,0,0,0,0,0,0,0,0,0,0,0,0,0,0,0,0.0,0.0,0
KryptoFiler-1.0.2.exe,0.0,0,0,0,0,0,0.0,0,0,0,0.0,0,0,0,0,0,0.0,0,0,0,7.162605287902614,0,0,0.0,4.070464548675157,1.149013967131887,0.0,0,0,0,0.0,0,5.159579672547196,0,0,6.1924428696598905,0,0,0,0,0,0,0,0,0,0,0,0,0.0,0.0,0,0,0,0,0,0,0,0,0,0,0,0.0,0,0,0,0,0,0,1.3697437648744617,0,0,0,6.722661521590875,5.203126608630643,0,0,0.0,0,0.0,6.471527946355661,0,0,0.0,0,0,0,0,0,0,0,0.0,0,0,0.0,0,0,0,0.0,0,0,0.0,0,0.0,0.0,0,0.0,0,0,0.0,0,0.0,0,0,0,0.0,0,0,0,0.0,0,0,0,0,0,0.0,0,0.0,0,0,0,0,0,0,0,0,0,0,0,0,0,0,0,0,0,0.0,0.0,0
kryptor-4.1.1.exe,0.0,0,0,0,0,0,0.0,0,0,0,0.0,0,0,0,0,0,0.0,0,0,0,3.3341153782072053,0,0,0.42449845906755646,0.0,0.0,0.0,0,0,0,0.0,0,0.0,0,0,0.0,0,0,0,0,0,0,0,0,0,0,0,0,0.0,0.0,0,0,0,0,0,0,0,0,0,0,0,6.505480901328782,0,0,0,0,0,0,5.662369206074474,0,0,0,5.445611795477199,6.285861298470983,0,0,0.0,0,0.0,6.448465493947589,0,0,0.0,0,0,0,0,0,0,0,0.0,0,0,0.0,0,0,0,0.0,0,0,0.0,0,0.0,0.0,0,0.0,0,0,0.0,0,0.0,0,0,0,0.0,0,0,0,5.4827244286074395,0,0,0,0,0,0.0,0,0.0,0,0,0,0,0,0,0,0,0,0,0,0,0,0,0,0,0,0.0,0.0,0
lazarcrypt-1.3.0.exe,0.0,0,0,0,0,0,0.0,0,0,0,0.0,0,0,0,0,0,0.0,0,0,0,3.7257547451053856,0,0,0.0,0.0,0.0,0.0,0,0,0,0.0,0,0.0,0,0,0.0,0,0,0,0,0,0,0,0,0,0,0,0,0.0,0.0,0,0,0,0,0,0,0,0,0,0,0,0.0,0,0,0,0,0,0,5.2824384874878465,0,0,0,5.544803848618657,4.678444929217737,0,0,0.0,0,0.0,6.673062070041131,0,0,0.0,0,0,0,0,0,0,0,0.0,0,0,0.0,0,0,0,0.0,0,0,0.0,0,0.0,0.0,0,0.0,0,0,0.0,0,0.0,0,0,0,0.0,0,0,0,0.0,0,0,0,0,0,0.0,0,0.0,0,0,0,0,0,0,0,0,0,0,0,0,0,0,0,0,0,0.0,0.0,0
LCrypt-1.2.1.exe,0.0,0,0,0,0,0,0.0,0,0,0,0.0,0,0,0,0,0,0.0,0,0,0,0.0,0,0,0.0,0.0,0.0,0.0,0,0,0,0.0,0,0.0,0,0,0.0,0,0,0,0,0,0,0,0,0,0,0,0,0.0,0.0,0,0,0,0,0,0,0,0,0,0,0,0.0,0,0,0,0,0,0,0.0,0,0,0,0.10191042566270775,3.5008166645903347,0,0,0.0,0,0.0,7.226667222870466,0,0,0.0,0,0,0,0,0,0,0,0.0,0,0,0.0,0,0,0,0.0,0,0,0.0,0,0.0,0.0,0,0.0,0,0,0.0,0,0.0,0,0,0,0.0,0,0,0,0.0,0,0,0,0,0,0.0,0,0.0,0,0,0,0,0,0,0,0,0,0,0,0,0,0,0,0,0,0.0,0.0,0
MasterCipher-1.0.0.exe,0.0,0,0,0,0,0,0.0,0,0,0,0.0,0,0,0,0,0,0.0,0,0,0,0.0,0,0,0.0,0.0,0.0,0.0,0,0,0,0.0,0,0.0,0,0,0.0,0,0,0,0,0,0,0,0,0,0,0,0,0.0,0.0,0,0,0,0,0,0,0,0,0,0,0,0.0,0,0,0,0,0,0,0.0,0,0,0,0.09409792566270775,2.0896683928195134,0,0,0.0,0,0.0,2.3798678563655575,0,0,0.0,0,0,0,0,0,0,0,0.0,0,0,0.0,0,0,0,0.0,0,0,0.0,0,0.0,0.0,0,0.0,0,0,0.0,0,0.0,0,0,0,0.0,0,0,0,0.0,0,0,0,0,0,0.0,0,0.0,0,0,0,0,0,0,0,0,0,0,0,0,0,0,0,0,0,0.0,0.0,0
MEGAsync-6.2.2.exe,0.38245240088656424,0,0,0,0,0,0.0,0,0,0,0.0,0,0,0,0,0,0.0,0,0,0,3.441246727436512,0,0,0.0,0.0,0.0,0.0,0,0,0,0.0,0,5.113486486850736,0,0,0.0,0,0,0,0,0,0,0,0,0,0,0,0,0.0,0.0,0,0,0,0,0,0,0,0,0,0,0,6.928412047227078,0,0,0,0,0,0,5.624289927587977,0,0,0,3.816512446358606,5.728261988293881,0,0,0.0,0,0.0,5.78153826658084,0,0,0.022837723453639297,0,0,0,0,0,0,0,0.0,0,0,0.0,0,0,0,0.0,0,0,0.0,0,0.0,0.0,0,0.0,0,0,0.0,0,0.0,0,0,0,0.0,0,0,0,0.0,0,0,0,0,0,0.0,0,0.0,0,0,0,0,0,0,0,0,0,0,0,0,0,0,0,0,0,0.0,0.0,0
Melgo-61.0.0.EXE,0.0,0,0,0,0,0,0.0,0,0,0,0.0,0,0,0,0,0,0.0,0,0,0,0.0,0,0,0.0,0.0,0.0,0.0,0,0,0,0.0,0,0.0,0,0,0.0,0,0,0,0,0,0,0,0,0,0,0,0,0.0,0.0,0,0,0,0,0,0,0,0,0,0,0,0.0,0,0,0,0,0,0,0.0,0,0,0,0.0,0.0,0,0,0.0,0,0.0,0.0,0,0,0.0,0,0,0,0,0,0,0,0.0,0,0,0.0,0,0,0,0.0,0,0,0.0,0,0.0,0.0,0,0.0,0,0,0.0,0,0.0,0,0,0,0.0,0,0,0,0.0,0,0,0,0,0,0.0,0,0.0,0,0,0,0,0,0,0,0,0,0,0,0,0,0,0,0,0,0.0,0.0,0
meo-nch-2.17.exe,0.0,0,0,0,0,0,0.0,0,0,0,0.0,0,0,0,0,0,0.0,0,0,0,6.597160830025732,0,0,0.0,0.0,0.0,0.0,0,0,0,0.0,0,0.0,0,0,0.0,0,0,0,0,0,0,0,0,0,0,0,0,0.0,0.0,0,0,0,0,0,0,0,0,0,0,0,0.0,0,0,0,0,0,0,4.284575929403132,0,0,0,0.0,6.222943679425277,0,0,0.0,0,0.0,0.0,0,0,0.0,0,0,0,0,0,0,0,0.0,0,0,0.0,0,0,0,0.0,0,0,0.0,0,0.0,0.0,0,0.0,0,0,0.0,0,0.0,0,0,0,0.0,0,0,0,0.0,0,0,0,0,0,0.0,0,0.0,0,0,0,0,0,0,0,0,0,0,0,0,0,0,0,0,0,0.0,0.0,0
Multicrypt.exe,0.0,0,0,0,0,0,0.0,0,0,0,0.0,0,0,0,0,0,0.0,0,0,0,0.0,0,0,0.0,0.0,0.0,0.0,0,0,0,0.0,0,0.0,0,0,0.0,0,0,0,0,0,0,0,0,0,0,0,0,0.0,0.0,0,0,0,0,0,0,0,0,0,0,0,0.0,0,0,0,0,0,0,0.0,0,0,0,0.0,5.444477408005105,0,0,0.0,0,0.0,0.0,0,0,0.0,0,0,0,0,0,0,0,0.0,0,0,0.0,0,0,0,0.0,0,0,0.0,0,0.0,0.0,0,0.0,0,0,0.0,0,0.0,0,0,0,0.0,0,0,0,0.0,0,0,0,0,0,7.999500224578384,0,0.0,0,0,0,0,0,0,0,0,0,0,0,0,0,0,0,0,0,0.0,0.0,0
NordLocker-5.3.20.0.exe,0.0,0,0,0,0,0,0.0,0,0,0,0.0,0,0,0,0,0,0.0,0,0,0,2.385854812943506,0,0,0.0,0.0,0.0,0.0,0,0,0,0.0,0,0.0,0,0,0.0,0,0,0,0,0,0,0,0,0,0,0,0,0.0,0.0,0,0,0,0,0,0,0,0,0,0,0,4.99367423603108,0,0,0,0,0,0,4.487145961569959,0,0,0,4.698529832115585,2.696917554671119,0,0,0.0,0,0.0,6.374193046507652,0,0,0.0,0,0,0,0,0,0,0,0.0,0,0,0.0,0,0,0,0.0,0,0,0.0,0,0.0,0.0,0,0.0,0,0,0.0,0,0.0,0,0,0,0.0,0,0,0,4.190006434652417,0,0,0,0,0,0.0,0,0.0,0,0,0,0,0,0,0,0,0,0,0,0,0,0,0,0,0,0.0,0.0,0
NordPass-7.6.14.exe,0.0,0,0,0,0,0,0.0,0,0,0,0.0,0,0,0,0,0,0.0,0,0,0,4.017257927809262,0,0,0.0,0.0,0.0,0.0,0,0,0,0.0,0,0.0,0,0,0.0,0,0,0,0,0,0,0,0,0,0,0,0,0.0,0.0,0,0,0,0,0,0,0,0,0,0,0,6.946279328151636,0,0,0,0,0,0,6.425125340487384,0,0,0,5.480163532583213,2.983433727803801,0,0,0.0,0,0.0,6.536394583723227,0,0,0.17652041870863303,0,0,0,0,0,0,0,0.0,0,0,0.0,0,0,0,0.0,0,0,0.0,0,0.0,0.0,0,0.0,0,0,0.0,0,0.0,0,0,0,0.0,0,0,0,4.489199399638804,0,0,0,0,0,0.0,0,0.0,0,0,0,0,0,0,0,0,0,0,0,0,0,0,0,0,0,0.0,0.0,0
NovaBackX-21.2.804.exe,0.0,0,0,0,0,0,0.0,0,0,0,0.0,0,0,0,0,0,0.0,0,0,0,4.395928158884074,0,0,0.0,0.0,0.0,0.0,0,0,0,0.0,0,0.0,0,0,0.0,0,0,0,0,0,0,0,0,0,0,0,0,0.0,0.0,0,0,0,0,0,0,0,0,0,0,0,6.280287406710488,0,0,0,0,0,0,4.909650658317088,0,0,0,5.447396958240864,5.332264166562105,0,0,0.0,0,0.0,6.239076573382359,0,0,0.0,0,0,0,0,0,0,0,0.0,0,0,0.0,0,0,0,0.0,0,0,0.0,0,0.0,0.0,0,0.0,0,0,0.0,0,0.0,0,0,0,0.0,0,0,0,0.0,0,0,0,0,0,0.0,0,0.0,0,0,0,0,0,0,0,0,0,0,0,0,0,0,0,0,0,0.0,0.0,0
Omziff.exe,0.0,0,0,0,0,0,5.530013560019616,0,0,0,0.0,0,0,0,0,0,0.0,0,0,0,0.0,0,0,0.0,0.0,0.0,0.0,0,0,0,0.0,0,7.741324117356701,0,0,0.0,0,0,0,0,0,0,0,0,0,0,0,0,0.0,0.0,0,0,0,0,0,0,0,0,0,0,0,0.0,0,0,0,0,0,0,0.2069200177871819,0,0,0,0.0,7.35919171079367,0,0,0.0,0,0.0,0.0,0,0,0.0,0,0,0,0,0,0,0,0.0,0,0,0.0,0,0,0,0.0,0,0,0.0,0,0.0,0.0,0,0.0,0,0,0.0,0,0.0,0,0,0,0.0,0,0,0,0.0,0,0,0,0,0,7.999365728080126,0,7.9804428629266955,0,0,0,0,0,0,0,0,0,0,0,0,0,0,0,0,0,0.0,0.0,0
openssl-3.0.19.exe,0.0,0,0,0,0,0,0.0,0,0,0,0.0,0,0,0,0,0,0.0,0,0,0,6.658101136884708,0,0,0.0,0.0,0.0,0.0,0,0,0,0.0,0,0.0,0,0,0.0,0,0,0,0,0,0,0,0,0,0,0,0,0.0,0.0,0,0,0,0,0,0,0,0,0,0,0,5.786643355378601,0,0,0,0,0,0,5.26406447639009,0,0,0,5.44891211176864,3.160475455416037,0,0,0.0,0,0.0,6.301566617564827,0,0,0.0,0,0,0,0,0,0,0,0.0,0,0,0.0,0,0,0,0.0,0,0,0.0,0,0.0,0.0,0,0.0,0,0,0.0,0,0.0,0,0,0,0.0,0,0,0,0.0,0,0,0,0,0,0.0,0,0.0,0,0,0,0,0,0,0,0,0,0,0,0,0,0,0,0,0,0.0,0.0,0
openssl-3.3.6.exe,0.0,0,0,0,0,0,0.0,0,0,0,0.0,0,0,0,0,0,0.0,0,0,0,6.602886900539743,0,0,0.0,0.0,0.0,0.0,0,0,0,0.0,0,0.0,0,0,0.0,0,0,0,0,0,0,0,0,0,0,0,0,0.0,0.0,0,0,0,0,0,0,0,0,0,0,0,5.625766736220938,0,0,0,0,0,0,5.277011759459455,0,0,0,5.4314857718023335,3.1558634460791395,0,0,0.0,0,0.0,6.3014228079982635,0,0,0.0,0,0,0,0,0,0,0,0.0,0,0,0.0,0,0,0,0.0,0,0,0.0,0,0.0,0.0,0,0.0,0,0,0.0,0,0.0,0,0,0,0.0,0,0,0,0.0,0,0,0,0,0,0.0,0,0.0,0,0,0,0,0,0,0,0,0,0,0,0,0,0,0,0,0,0.0,0.0,0
openssl-3.6.1.exe,0.0,0,0,0,0,0,0.0,0,0,0,0.0,0,0,0,0,0,0.0,0,0,0,6.616408176569698,0,0,0.0,0.0,0.0,0.0,0,0,0,0.0,0,0.0,0,0,0.0,0,0,0,0,0,0,0,0,0,0,0,0,0.0,0.0,0,0,0,0,0,0,0,0,0,0,0,5.699031724160043,0,0,0,0,0,0,5.278047952325903,0,0,0,5.43683158083503,3.1534524431963185,0,0,0.0,0,0.0,6.303493890885389,0,0,0.0,0,0,0,0,0,0,0,0.0,0,0,0.0,0,0,0,0.0,0,0,0.0,0,0.0,0.0,0,0.0,0,0,0.0,0,0.0,0,0,0,0.0,0,0,0,0.0,0,0,0,0,0,0.0,0,0.0,0,0,0,0,0,0,0,0,0,0,0,0,0,0,0,0,0,0.0,0.0,0
OW Shredder-6.45.872.exe,0.0,0,0,0,0,0,0.0,0,0,0,0.0,0,0,0,0,0,0.0,0,0,0,0.0,0,0,0.0,0.0,0.0,0.0,0,0,0,0.0,0,0.0,0,0,0.0,0,0,0,0,0,0,0,0,0,0,0,0,0.0,0.0,0,0,0,0,0,0,0,0,0,0,0,0.0,0,0,0,0,0,0,0.0,0,0,0,0.10191042566270775,2.397710218049933,0,0,0.0,0,0.0,6.227967218454038,0,0,0.0,0,0,0,0,0,0,0,0.0,0,0,0.0,0,0,0,0.0,0,0,0.0,0,0.0,0.0,0,0.0,0,0,0.0,0,0.0,0,0,0,0.0,0,0,0,0.0,0,0,0,0,0,0.0,0,0.0,0,0,0,0,0,0,0,0,0,0,0,0,0,0,0,0,0,0.0,0.0,0
paragon_backup-18.9.0.exe,0.4265579979591446,0,0,0,0,0,0.0,0,0,0,0.0,0,0,0,0,0,0.0,0,0,0,3.4069744290209334,0,0,0.0,0.0,0.0,0.0,0,0,0,0.0,0,4.9232671612358,0,0,0.0,0,0,0,0,0,0,0,0,0,0,0,0,0.0,0.0,0,0,0,0,0,0,0,0,0,0,0,4.966209541657374,0,0,0,0,0,0,4.031562682741825,0,0,0,3.770902953405928,5.584254617575986,0,0,0.0,0,0.0,5.065853951028381,0,0,0.011173818721219527,0,0,0,0,0,0,0,0.0,0,0,0.0,0,0,0,0.0,0,0,0.0,0,0.0,0.0,0,0.0,0,0,0.0,0,0.0,0,0,0,0.0,0,0,0,0.0,0,0,0,0,0,0.0,0,0.0,0,0,0,0,0,0,0,0,0,0,0,0,0,0,0,0,0,0.0,0.0,0
pCloud-5.0.20.exe,0.0,0,0,0,0,0,0.0,0,0,0,0.0,0,0,0,0,0,0.0,0,0,0,2.2213598026373074,0,0,0.0,0.0,0.0,0.0,0,0,0,0.0,0,0.0,0,0,0.0,0,0,0,0,0,0,0,0,0,0,0,0,0.0,0.0,0,0,0,0,0,0,0,0,0,0,0,4.881146499844813,0,0,0,0,0,0,4.832312568825397,0,0,0,4.796470153268882,2.9457599912227703,0,0,0.0,0,0.0,6.352063531614317,0,0,0.0,0,0,0,0,0,0,0,0.0,0,0,0.0,0,0,0,0.0,0,0,0.0,0,0.0,0.0,0,0.0,0,0,0.0,0,0.0,0,0,0,0.0,0,0,0,0.0,0,0,0,0,0,0.0,0,0.0,0,0,0,0,0,0,0,0,0,0,0,0,0,0,0,0,0,0.0,0.0,0
PDF Password Eliminator +-1.0.0.exe,0.0,0,0,0,0,0,0.0,0,0,0,0.0,0,0,0,0,0,0.0,0,0,0,0.0,0,0,0.0,0.0,0.0,0.0,0,0,0,0.0,0,0.0,0,0,0.0,0,0,0,0,0,0,0,0,0,0,0,0,0.0,0.0,0,0,0,0,0,0,0,0,0,0,0,0.0,0,0,0,0,0,0,0.0,0,0,0,0.10191042566270775,7.328184046357273,0,0,0.0,0,0.0,7.338441842040119,0,0,0.0,0,0,0,0,0,0,0,0.0,0,0,0.0,0,0,0,0.0,0,0,0.0,0,0.0,0.0,0,0.0,0,0,0.0,0,0.0,0,0,0,0.0,0,0,0,0.0,0,0,0,0,0,0.0,0,0.0,0,0,0,0,0,0,0,0,0,0,0,0,0,0,0,0,0,0.0,0.0,0
PDFEncrypt-1.1.0.exe,0.0,0,0,0,0,0,0.0,0,0,0,0.0,0,0,0,0,0,0.0,0,0,0,0.0,0,0,0.0,0.0,0.0,0.0,0,0,0,0.0,0,0.0,0,0,0.0,0,0,0,0,0,0,0,0,0,0,0,0,0.0,0.0,0,0,0,0,0,0,0,0,0,0,0,0.0,0,0,0,0,0,0,0.0,0,0,0,0.08153941234324169,4.446116022801936,0,0,0.0,0,0.0,5.371773427325652,0,0,0.0,0,0,0,0,0,0,0,0.0,0,0,0.0,0,0,0,0.0,0,0,0.0,0,0.0,0.0,0,0.0,0,0,0.0,0,0.0,0,0,0,0.0,0,0,0,0.0,0,0,0,0,0,0.0,0,0.0,0,0,0,0,0,0,0,0,0,0,0,0,0,0,0,0,0,0.0,0.0,0
peazip-10.9.0.WIN64.exe,0.0,0,0,0,0,0,0.0,0,0,0,0.0,0,0,0,0,0,0.0,0,0,0,2.2967209087898324,0,0,0.0,0.0,0.0,0.0,0,0,0,0.0,0,4.597812557707959,0,0,5.732200666157372,0,0,0,0,0,0,0,0,0,0,0,0,0.0,0.0,0,0,0,0,0,0,0,0,0,0,0,0.0,0,0,0,0,0,0,0.2044881574398449,0,0,0,0.0,5.700364850253538,0,0,0.0,0,0.0,6.3752135040515485,0,0,0.0,0,0,0,0,0,0,0,0.0,0,0,0.0,0,0,0,0.0,0,0,0.0,0,0.0,0.0,0,0.0,0,0,0.0,0,0.0,0,0,0,0.0,0,0,0,0.0,0,0,0,0,0,0.0,0,0.0,0,0,0,0,0,0,0,0,0,0,0,0,0,0,0,0,0,0.0,0.0,0
Picocrypt-1.49.exe,0.0,0,0,0,0,0,0.0,0,0,0,0.0,0,0,0,0,0,0.0,0,0,0,0.0,0,0,0.0,0.0,0.0,0.0,0,0,0,0.0,0,0.0,0,0,0.0,0,0,0,0,0,0,0,0,0,0,0,0,0.0,0.0,0,0,0,0,0,0,0,0,0,0,0,0.0,0,0,0,0,0,0,0.0,0,0,0,0.0,5.959456057101336,0,0,0.0,0,0.0,0.0,0,0,0.0,0,0,0,0,0,0,0,0.0,0,0,0.0,0,0,0,0.0,0,0,0.0,0,0.0,0.0,0,0.0,0,0,0.0,0,0.0,0,0,0,0.0,0,0,0,0.0,0,0,0,0,0,0.0,0,0.0,0,0,0,0,0,0,0,0,0,0,0,0,0,0,0,0,0,0.0,7.999919521378669,0
Pixeloid-1.0.0.exe,0.0,0,0,0,0,0,0.0,0,0,0,0.0,0,0,0,0,0,0.0,0,0,0,0.0,0,0,0.0,0.0,0.0,0.0,0,0,0,0.0,0,0.0,0,0,0.0,0,0,0,0,0,0,0,0,0,0,0,0,0.0,0.0,0,0,0,0,0,0,0,0,0,0,0,0.0,0,0,0,0,0,0,0.0,0,0,0,0.10191042566270775,3.410418102850035,0,0,1.8591833095972177,0,0.0,7.262037144320859,0,0,0.0,0,0,0,0,0,0,0,0.0,0,0,0.0,0,0,0,0.0,0,0,0.0,0,0.0,0.0,0,0.0,0,0,0.0,0,0.0,0,0,0,0.0,0,0,0,0.0,0,0,0,0,0,0.0,0,0.0,0,0,0,0,0,0,0,0,0,0,0,0,0,0,0,0,0,0.0,0.0,0
powerarc-22.10.2.exe,0.0,0,0,0,0,0,0.0,0,0,0,0.0,0,0,0,0,0,0.0,0,0,0,5.17903112638314,0,0,0.0,3.966214899884198,2.0596430358026736,0.0,0,0,0,0.0,0,4.631651295017541,0,0,0.0,0,0,0,0,0,0,0,0,0,0,0,0,0.0,0.0,0,0,0,0,0,0,0,0,0,0,0,6.978454194365702,0,0,0,0,0,0,1.6868448649937602,0,0,0,6.469937124430261,4.240527221425358,0,0,0.0,0,0.0,5.762350301660434,0,0,0.0,0,0,0,0,0,0,0,0.0,0,0,0.0,0,0,0,0.0,0,0,0.0,0,0.0,0.0,0,0.0,0,0,0.0,0,0.0,0,0,0,0.0,0,0,0,0.0,0,0,0,0,0,0.0,0,0.0,0,0,0,0,0,0,0,0,0,0,0,0,0,0,0,0,0,0.0,0.0,0
ppenc14-1.4.0.exe,0.0,0,0,0,0,0,5.630923611148707,0,0,0,0.0,0,0,0,0,0,0.0,0,0,0,7.958181633493404,0,0,0.0,0.0,0.0,0.0,0,0,0,0.0,0,7.943140989992929,0,0,7.615018616609009,0,0,0,0,0,0,0,0,0,0,0,0,0.0,0.0,0,0,0,0,0,0,0,0,0,0,0,0.0,0,0,0,0,0,0,0.20544562813451883,0,0,0,0.0,7.695202619084155,0,0,0.0,0,0.0,7.999569794790678,0,0,0.0,0,0,0,0,0,0,0,0.0,0,0,0.0,0,0,0,0.0,0,0,0.0,0,0.0,0.0,0,0.0,0,0,0.0,0,0.0,0,0,0,0.0,0,0,0,0.0,0,0,0,0,0,0.0,0,0.0,0,0,0,0,0,0,0,0,0,0,0,0,0,0,0,0,0,0.0,0.0,0
privatefile-1.00.exe,0.0,0,0,0,0,0,0.0,0,0,0,0.0,0,0,0,0,0,0.0,0,0,0,0.0,0,0,0.0,0.0,0.0,0.0,0,0,0,0.0,0,0.0,0,0,0.0,0,0,0,0,0,0,0,0,0,0,0,0,0.0,0.0,0,0,0,0,0,0,0,0,0,0,0,0.0,0,0,0,0,0,0,0.0,0,0,0,0.0,2.868879605087501,0,0,0.0,0,0.0,6.9022048176918,0,0,0.0,0,0,0,0,0,0,0,0.0,0,0,0.0,0,0,0,0.0,0,0,0.0,0,0.0,0.0,0,0.0,0,0,0.0,0,0.0,0,0,0,0.0,0,0,0,0.0,0,0,0,0,0,0.0,0,0.0,0,0,0,0,0,0,0,0,0,0,0,0,0,0,0,0,0,0.0,0.0,0
PrivaZer-4.0.120.exe,0.0,0,0,0,0,0,0.0,0,0,0,0.0,0,0,0,0,0,0.0,0,0,0,0.0,0,0,0.0,0.0,0.8585119567054085,0.0,0,0,0,0.0,0,4.952417655456198,0,0,0.0,0,0,0,0,0,0,0,0,0,0,0,0,0.0,0.0,0,0,0,0,0,0,0,0,0,0,0,0.0,0,0,0,0,0,0,0.2147325177871819,0,0,0,6.778669268983112,6.806081382745752,0,0,0.0,0,0.0,0.0,0,0,0.0,0,0,0,0,0,0,0,0.0,0,0,0.0,0,0,0,0.0,0,0,0.0,0,0.0,0.0,0,0.0,0,0,0.0,0,0.0,0,0,0,0.0,0,0,0,0.0,0,0,0,0,0,6.466027435048567,0,5.746746678358895,0,0,0,0,0,0,0,0,0,0,0,0,0,0,0,0,0,0.0,0.0,0
pwsafe-3.71.0.exe,0.0,0,0,0,0,0,0.0,0,0,0,0.0,0,0,0,0,0,0.0,0,0,0,4.255975201676015,0,0,0.0,0.0,0.0,0.0,0,0,0,0.0,0,0.0,0,0,0.0,0,0,0,0,0,0,0,0,0,0,0,0,0.0,0.0,0,0,0,0,0,0,0,0,0,0,0,6.320608405175795,0,0,0,0,0,0,5.0709706488788235,0,0,0,5.4448132109483005,5.039117898024005,0,0,0.0,0,0.0,6.401655743195983,0,0,0.0,0,0,0,0,0,0,0,0.0,0,0,0.0,0,0,0,0.0,0,0,0.0,0,0.0,0.0,0,0.0,0,0,0.0,0,0.0,0,0,0,0.0,0,0,0,0.0,0,0,0,0,0,0.0,0,0.0,0,0,0,0,0,0,0,0,0,0,0,0,0,0,0,0,0,0.0,0.0,0
Quickhash-GUI-3.3.1.exe,0.0,0,0,0,0,0,0.0,0,0,0,0.0,0,0,0,0,0,0.06116285224115448,0,0,0,4.431828189032784,0,0,0.0,0.0,0.0,0.0,0,0,0,0.0,0,4.316652905374172,0,0,0.0,0,0,0,0,0,0,0,0,0,0,0,0,0.0,0.0,0,0,0,0,0,0,0,0,0,0,0,6.363815976245307,0,0,0,0,0,0,4.404459151933543,0,0,0,0.0,7.257632305140228,0,0,0.0,0,0.0,5.88291910354849,0,0,0.0,0,0,0,0,0,0,0,0.0,0,0,0.0,0,0,0,0.0,0,0,0.0,0,0.0,0.0,0,0.0,0,0,0.0,0,0.0,0,0,0,0.0,0,0,0,0.0,0,0,0,0,0,0.0,0,0.0,0,0,0,0,0,0,0,0,0,0,0,0,0,0,0,0,0,0.0,0.0,0
Quickrypt-1.0.0.exe,0.0,0,0,0,0,0,0.0,0,0,0,0.0,0,0,0,0,0,0.11446338125913882,0,0,0,0.060645017476061436,0,0,0.0,0.0,4.316925287692578,0.0,0,0,0,0.0,0,5.052602404997715,0,0,0.0,0,0,0,0,0,0,0,0,0,0,0,0,0.0,0.0,0,0,0,0,0,0,0,0,0,0,0,0.0,0,0,0,0,0,0,5.402577013882541,0,0,0,6.53207174539259,5.211467336376215,0,0,0.0,0,0.0,6.101101327163583,0,0,0.22482003450968063,0,0,0,0,0,0,0,0.0,0,0,0.0,0,0,0,3.2669453930153427,0,0,0.0,0,0.0,4.677753828586538,0,0.0,0,0,0.0,0,0.0,0,0,0,3.770271938085978,0,0,0,0.0,0,0,0,0,0,0.0,0,0.0,0,0,0,0,0,0,0,0,0,0,0,0,0,0,0,0,0,0.0,0.0,0
R-DriveImage64-7.3.7.exe,0.0,0,0,0,0,0,0.0,0,0,0,0.0,0,0,0,0,0,0.0,0,0,0,5.136034014948325,0,0,0.0,0.0,0.0,0.0,0,0,0,0.0,0,0.0,0,0,0.0,0,0,0,0,0,0,0,0,0,0,0,0,0.0,0.0,0,0,0,0,0,0,0,0,0,0,0,6.972824946695386,0,0,0,0,0,0,6.459008096918415,0,0,0,0.0,4.901625218086553,0,0,0.0,0,0.0,6.270504698750609,0,0,0.0,0,0,0,0,0,0,0,0.0,0,0,0.0,0,0,0,0.0,0,0,0.0,0,0.0,0.0,0,0.0,0,0,0.0,0,0.0,0,0,0,0.0,0,0,0,0.0,0,0,0,0,0,0.0,0,0.0,0,0,0,0,0,0,0,0,0,0,0,0,0,0,0,0,0,0.0,0.0,0
R.W. VIP Files Guard-1.0.0.exe,0.0,0,0,0,0,0,0.0,0,0,0,0.0,0,0,0,0,0,0.0,0,0,0,0.0,0,0,0.0,0.0,0.0,0.0,0,0,0,0.0,0,0.0,0,0,0.0,0,0,0,0,0,0,0,0,0,0,0,0,0.0,0.0,0,0,0,0,0,0,0,0,0,0,0,0.0,0,0,0,0,0,0,0.0,0,0,0,0.016408464515625623,7.248525896681912,0,0,0.4210921638386493,0,0.0,7.803893973522317,0,0,0.0,0,0,0,0,0,0,0,0.0,0,0,0.0,0,0,0,0.0,0,0,0.0,0,0.0,0.0,0,0.0,0,0,0.0,0,0.0,0,0,0,0.0,0,0,0,0.0,0,0,0,0,0,0.0,0,0.0,0,0,0,0,0,0,0,0,0,0,0,0,0,0,0,0,0,0.0,0.0,0
Reflect-8.0.7.exe,0.0,0,0,0,0,0,0.0,0,0,0,0.0,0,0,0,0,0,0.0,0,0,0,4.252320137234034,0,0,0.0,0.0,0.0,0.0,0,0,0,0.0,0,0.0,0,0,0.0,0,0,0,0,0,0,0,0,0,0,0,0,0.0,0.0,0,0,0,0,0,0,0,0,0,0,0,6.0873853912608356,0,0,0,0,0,0,4.589002054885116,0,0,0,5.4223477159438875,4.695687214593992,0,0,0.0,0,0.0,6.009675305294214,0,0,0.0,0,0,0,0,0,0,0,0.0,0,0,0.0,0,0,0,0.0,0,0,0.0,0,0.0,0.0,0,0.0,0,0,0.0,0,0.0,0,0,0,0.0,0,0,0,0.0,0,0,0,0,0,0.0,0,0.0,0,0,0,0,0,0,0,0,0,0,0,0,0,0,0,0,0,0.0,0.0,0
rfwipeout-9.9.3.exe,0.0,0,0,0,0,0,0.0,0,0,0,0.0,0,0,0,0,0,0.0,0,0,0,5.783553174937882,0,0,0.0,0.0,0.0,0.0,0,0,0,0.0,0,0.0,0,0,0.0,0,0,0,0,0,0,0,0,0,0,0,0,0.0,0.0,0,0,0,0,0,0,0,0,0,0,0,0.0,0,0,0,0,0,0,6.493468212625176,0,0,0,6.534195511886714,5.067504560072995,0,0,0.0,0,0.0,6.7736552969121195,0,0,0.0,0,0,0,0,0,0,0,0.0,0,0,0.0,0,0,0,0.0,0,0,0.0,0,0.0,0.0,0,0.0,0,0,0.0,0,0.0,0,0,0,0.0,0,0,0,0.0,0,0,0,0,0,0.0,0,0.0,0,0,0,0,0,0,0,0,0,0,0,0,0,0,0,0,0,0.0,0.0,0
SafeHouseExplorer-3.1.0.exe,0.0,0,0,0,0,0,0.0,0,0,0,0.0,0,0,0,0,0,0.0,0,0,0,5.900842856639804,0,0,0.0,0.0,0.0,0.0,0,0,0,0.0,0,0.0,0,0,0.0,0,0,0,0,0,0,0,0,0,0,0,0,0.0,0.0,0,0,0,0,0,0,0,0,0,0,0,0.0,0,0,0,0,0,0,5.312977411132608,0,0,0,0.0,5.830482796925318,0,0,0.0,0,0.0,6.5560902603688,0,0,0.0,0,0,0,0,0,0,0,0.0,0,0,0.0,0,0,0,0.0,0,0,0.0,0,0.0,0.0,0,0.0,0,0,0.0,0,0.0,0,0,0,0.0,0,0,0,0.0,0,0,0,0,0,0.0,0,0.0,0,0,0,0,0,0,0,0,0,0,0,0,0,0,0,0,0,0.0,0.0,0
SAV7V1.5.exe,0.0,0,0,0,0,0,0.0,0,0,0,0.0,0,0,0,0,0,0.0,0,0,0,1.8096886543499544,0,0,0.0,0.0,0.0,0.0,0,0,0,0.0,0,0.0,0,0,0.0,0,0,0,0,0,0,0,0,0,0,0,0,0.0,0.0,0,0,0,0,0,0,0,0,0,0,0,5.274096406482418,0,0,0,0,0,0,5.8246050657656605,0,0,0,5.2576643703968475,2.9006554493548458,0,0,0.0,0,0.0,6.488023200564254,0,0,0.0,0,0,0,0,0,0,0,0.0,0,0,0.0,0,0,0,0.0,0,0,0.0,0,0.0,0.0,0,0.0,0,0,0.0,0,0.0,0,0,0,0.0,0,0,0,2.808567494642619,0,0,0,0,0,0.0,0,0.0,0,0,0,0,0,0,0,0,0,0,0,0,0,0,0,0,0,0.0,0.0,0
sdelete64-2.06.exe,0.0,0,0,0,0,0,0.0,0,0,0,0.0,0,0,0,0,0,0.0,0,0,0,2.561642003507355,0,0,0.0,0.0,0.0,0.0,0,0,0,0.0,0,0.0,0,0,0.0,0,0,0,0,0,0,0,0,0,0,0,0,0.0,0.0,0,0,0,0,0,0,0,0,0,0,0,5.238859244181695,0,0,0,0,0,0,5.132834078320154,0,0,0,5.177582380456797,3.79077507276301,0,0,0.0,0,0.0,6.50296040293458,0,0,0.0,0,0,0,0,0,0,0,0.0,0,0,0.0,0,0,0,0.0,0,0,0.0,0,0.0,0.0,0,0.0,0,0,0.0,0,0.0,0,0,0,0.0,0,0,0,0.0,0,0,0,0,0,0.0,0,0.0,0,0,0,0,0,0,0,0,0,0,0,0,0,0,0,0,0,0.0,0.0,0
SecretDrive-2.02.1.exe,0.0,0,0,0,0,0,0.0,0,0,0,0.0,0,0,0,0,0,0.0,0,0,0,0.0,0,0,0.0,0.0,0.0,0.0,0,0,0,0.0,0,0.0,0,0,0.0,0,0,0,0,0,0,0,0,0,0,0,0,0.0,0.0,0,0,0,0,0,0,0,0,0,0,0,0.0,0,0,0,0,0,0,0.0,0,0,0,0.0,3.5470334364027085,0,0,0.0,0,0.0,0.0,0,0,0.0,0,0,0,0,0,0,0,0.0,0,0,0.0,0,0,0,0.0,0,0,0.0,0,0.0,0.0,0,0.0,0,0,0.0,0,0.0,0,0,0,0.0,0,0,0,0.0,0,0,0,0,0,0.0,0,0.0,0,0,0,0,0,0,0,0,0,0,0,0,0,0,0,0,0,0.0,7.949570919970302,0
SecureFolder-1.0.2255.exe,0.0,0,0,0,0,0,0.0,0,0,0,0.0,0,0,0,0,0,0.0,0,0,0,0.0,0,0,0.0,0.0,0.0,0.0,0,0,0,0.0,0,0.0,0,0,0.0,0,0,0,0,0,0,0,0,0,0,0,0,0.0,0.0,0,0,0,0,0,0,0,0,0,0,0,0.0,0,0,0,0,0,0,0.0,0,0,0,0.016408464515625623,4.266551834017541,0,0,0.0,0,0.0,5.102078644090591,0,0,0.0,0,0,0,0,0,0,0,0.0,0,0,0.0,0,0,0,0.0,0,0,0.0,0,0.0,0.0,0,0.0,0,0,0.0,0,0.0,0,0,0,0.0,0,0,0,0.0,0,0,0,0,0,0.0,0,0.0,0,0,0,0,0,0,0,0,0,0,0,0,0,0,0,0,0,0.0,0.0,0
SecurStick-x64-1.1.4.exe,0.0,0,0,0,0,0,0.0,0,0,0,0.0,0,0,0,0,0,0.0,0,0,0,5.180540678699678,0,0,0.0,0.0,0.0,0.0,0,0,0,0.0,0,0.0,0,0,0.0,0,0,0,0,0,0,0,0,0,0,0,0,0.0,0.0,0,0,0,0,0,0,0,0,0,0,0,5.937983903731361,0,0,0,0,0,0,6.425323747102731,0,0,0,2.8693236239172735,6.902844911588146,0,0,0.0,0,0.0,6.3906683530648305,0,0,0.0,0,0,0,0,0,0,0,0.0,0,0,0.0,0,0,0,0.0,0,0,0.0,0,0.0,0.0,0,0.0,0,0,0.0,0,0.0,0,0,0,0.0,0,0,0,0.0,0,0,0,0,0,0.0,0,0.0,0,0,0,0,0,0,0,0,0,0,0,0,0,0,0,0,0,0.0,0.0,0
sEraser-7.1.0.exe,0.0,0,0,0,0,0,0.0,0,0,0,0.0,0,0,0,0,0,0.0,0,0,0,6.176649547322327,0,0,0.0,4.592646516390084,1.6538596865125228,0.0,0,0,0,0.0,0,5.236269164750824,0,0,5.967462867073572,0,0,0,0,0,0,0,0,0,0,0,0,0.0,0.0,0,0,0,0,0,0,0,0,0,0,0,0.0,0,0,0,0,0,0,1.39337631462077,0,0,0,6.709143764421233,7.244972814457432,0,0,0.0,0,0.0,6.493221203884879,0,0,0.0,0,0,0,0,0,0,0,0.0,0,0,0.0,0,0,0,0.0,0,0,0.0,0,0.0,0.0,0,0.0,0,0,0.0,0,0.0,0,0,0,0.0,0,0,0,0.0,0,0,0,0,0,0.0,0,0.0,0,0,0,0,0,0,0,0,0,0,0,0,0,0,0,0,0,0.0,0.0,0
Shims Any File Protector-1.0.4882.exe,0.0,0,0,0,0,0,0.0,0,0,0,0.0,0,0,0,0,0,0.0,0,0,0,0.0,0,0,0.0,0.0,0.0,0.0,0,0,0,0.0,0,0.0,0,0,0.0,0,0,0,0,0,0,0,0,0,0,0,0,0.0,0.0,0,0,0,0,0,0,0,0,0,0,0,0.0,0,0,0,0,0,0,0.0,0,0,0,0.12227588125913882,5.089825072612679,0,0,0.0,0,0.0,5.420403309279862,0,0,0.0,0,0,0,0,0,0,0,0.0,0,0,0.0,0,0,0,0.0,0,0,0.0,0,0.0,0.0,0,0.0,0,0,0.0,0,0.0,0,0,0,0.0,0,0,0,0.0,0,0,0,0,0,0.0,0,0.0,0,0,0,0,0,0,0,0,0,0,0,0,0,0,0,0,0,0.0,0.0,0
Shredder-2.5.5.exe,0.0,0,0,0,0,0,0.0,0,0,0,0.0,0,0,0,0,0,0.0,0,0,0,4.6410422463214145,0,0,0.0,0.0,0.0,0.0,0,0,0,0.0,0,5.221680475236148,0,0,5.947351702585591,0,0,0,0,0,0,0,0,0,0,0,0,0.0,0.0,0,0,0,0,0,0,0,0,0,0,0,0.0,0,0,0,0,0,0,0.2108262677871819,0,0,0,6.635031920668141,6.190612056853119,0,0,0.0,0,0.0,6.466813247147287,0,0,0.0,0,0,0,0,0,0,0,0.0,0,0,0.0,0,0,0,0.0,0,0,0.0,0,0.0,0.0,0,0.0,0,0,0.0,0,0.0,0,0,0,0.0,0,0,0,0.0,0,0,0,0,0,0.0,0,0.0,0,0,0,0,0,0,0,0,0,0,0,0,0,0,0,0,0,0.0,0.0,0
SimpleFileEncryptor-1.4.0.exe,0.0,0,0,0,0,0,0.0,0,0,0,0.0,0,0,0,0,0,0.0,0,0,0,0.0,0,0,0.0,0.0,0.0,0.0,0,0,0,0.0,0,0.0,0,0,0.0,0,0,0,0,0,0,0,0,0,0,0,0,0.0,0.0,0,0,0,0,0,0,0,0,0,0,0,0.0,0,0,0,0,0,0,0.0,0,0,0,0.10191042566270775,4.182028732120892,0,0,2.533616308874626,0,0.0,5.478468981092051,0,0,0.0,0,0,0,0,0,0,0,0.0,0,0,0.0,0,0,0,0.0,0,0,0.0,0,0.0,0.0,0,0.0,0,0,0.0,0,0.0,0,0,0,0.0,0,0,0,0.0,0,0,0,0,0,0.0,0,0.0,0,0,0,0,0,0,0,0,0,0,0,0,0,0,0,0,0,0.0,0.0,0
SplashID Safe-7.2.4.exe,0.0,0,0,0,0,0,0.0,0,0,0,0.0,0,0,0,0,0,0.0,0,0,0,4.5790671513901815,0,0,0.0,0.0,0.0,0.0,0,0,0,0.0,0,0.0,0,0,0.0,0,0,0,0,0,0,0,0,0,0,0,0,0.0,0.0,0,0,0,0,0,0,0,0,0,0,0,0.0,0,0,0,0,0,0,5.262992084913121,0,0,0,3.6329092363958853,7.180811721268352,0,0,0.0,0,0.0,6.6588798416114665,0,0,0.0,0,0,0,0,0,0,0,0.0,0,0,0.0,0,0,0,0.0,0,0,0.0,0,0.0,0.0,0,0.0,0,0,0.0,0,0.0,0,0,0,0.0,0,0,0,0.0,0,0,0,0,0,0.0,0,0.0,0,0,0,0,0,0,0,0,0,0,0,0,0,0,0,0,0,0.0,0.0,0
SplashIDDesktop-5.3.exe,0.0,0,0,0,0,0,0.0,0,0,0,0.0,0,0,0,0,0,0.0,0,0,0,4.0372651395740755,0,0,0.0,0.0,0.0,0.0,0,0,0,0.0,0,0.0,0,0,0.0,0,0,0,0,0,0,0,0,0,0,0,0,0.0,0.0,0,0,0,0,0,0,0,0,0,0,0,0.0,0,0,0,0,0,0,5.28366103251642,0,0,0,0.0,5.8823650484384755,0,0,0.0,0,0.0,6.45883426070177,0,0,0.0,0,0,0,0,0,0,0,0.0,0,0,0.0,0,0,0,0.0,0,0,0.0,0,0.0,0.0,0,0.0,0,0,0.0,0,0.0,0,0,0,0.0,0,0,0,0.0,0,0,0,0,0,0.0,0,0.0,0,0,0,0,0,0,0,0,0,0,0,0,0,0,0,0,0,0.0,0.0,0
SplashIDSafe-6.2.exe,0.0,0,0,0,0,0,0.0,0,0,0,0.0,0,0,0,0,0,0.0,0,0,0,4.266926013156298,0,0,0.0,0.0,0.0,0.0,0,0,0,0.0,0,0.0,0,0,0.0,0,0,0,0,0,0,0,0,0,0,0,0,0.0,0.0,0,0,0,0,0,0,0,0,0,0,0,0.0,0,0,0,0,0,0,5.317923726284836,0,0,0,5.536081787117711,4.5920259829649925,0,0,0.0,0,0.0,6.627792747137911,0,0,0.0,0,0,0,0,0,0,0,0.0,0,0,0.0,0,0,0,0.0,0,0,0.0,0,0.0,0.0,0,0.0,0,0,0.0,0,0.0,0,0,0,0.0,0,0,0,0.0,0,0,0,0,0,0.0,0,0.0,0,0,0,0,0,0,0,0,0,0,0,0,0,0,0,0,0,0.0,0.0,0
SSEFileEnc-16.0.4.exe,0.0,0,0,0,0,0,0.0,0,0,0,0.0,0,0,0,0,0,0.11836963125913882,0,0,0,0.3124291846600516,0,0,0.0,0.0,0.0,4.883685988354517,0,0,0,0.0,0,4.922852717723951,0,0,0.0,0,0,0,0,0,0,0,0,0,0,0,0,0.0,0.0,0,0,0,0,0,0,0,0,0,0,0,0.0,0,0,0,0,0,0,5.55669250689837,0,0,0,0.0,7.577412147772538,0,0,0.0,0,0.0,6.253550416172067,0,0,0.20448815743984491,0,0,0,0,0,0,0,0.0,0,0,0.0,0,0,0,0.0,0,0,0.0,0,0.0,0.0,0,0.0,0,0,0.0,0,0.0,0,0,0,0.0,0,0,0,0.0,0,0,0,0,0,0.0,0,0.0,0,0,0,0,0,0,0,0,0,0,0,0,0,0,0,0,0,0.0,0.0,0
stpass-8.9.9.exe,0.0,0,0,0,0,0,0.0,0,0,0,0.0,0,0,0,0,0,0.0,0,0,0,3.2506302849941813,0,0,0.0,0.0,0.0,0.0,0,0,0,0.0,0,3.46355959326252,0,0,4.029874559666772,0,0,0,0,0,0,0,0,0,0,0,0,0.0,0.0,0,0,0,0,0,0,0,0,0,0,0,0.0,0,0,0,0,0,0,1.1760623582632532,0,0,0,6.0381169295994335,5.424930716587557,0,0,0.0,0,0.0,5.93703255010679,0,0,0.0,0,0,0,0,0,0,0,0.0,0,0,0.0,0,0,0,0.0,0,0,0.0,0,0.0,0.0,0,0.0,0,0,0.0,0,0.0,0,0,0,0.0,0,0,0,0.0,0,0,0,0,0,0.0,0,0.0,0,0,0,0,0,0,0,0,0,0,0,0,0,0,0,0,0,0.0,0.0,0
SyncBackFree-12.0.0.exe,0.0,0,0,0,0,0,0.0,0,0,0,0.0,0,0,0,0,0,0.0,0,0,0,6.503977567466594,0,0,0.0,5.159313149158372,1.8402096462365114,0.0,0,0,0,0.0,0,5.56011729361628,0,0,6.205926516349682,0,0,0,0,0,0,0,0,0,0,0,0,0.0,0.0,0,0,0,0,0,0,0,0,0,0,0,0.0,0,0,0,0,0,0,1.4588681567917277,0,0,0,6.732114421726464,3.8604757578503444,0,0,0.0,0,0.0,6.4934579458109045,0,0,0.0,0,0,0,0,0,0,0,0.0,0,0,0.0,0,0,0,0.0,0,0,0.0,0,0.0,0.0,0,0.0,0,0,0.0,0,0.0,0,0,0,0.0,0,0,0,0.0,0,0,0,0,0,0.0,0,0.0,0,0,0,0,0,0,0,0,0,0,0,0,0,0,0,0,0,0.0,0.0,0
TBConsoleUI-18.0.0.exe,0.0,0,0,0,0,0,0.0,0,0,0,0.0,0,0,0,0,0,0.0,0,0,0,4.72029652233479,0,0,0.0,0.0,0.0,0.0,0,0,0,0.0,0,0.0,0,0,0.0,0,0,0,0,0,0,0,0,0,0,0,0,0.0,0.0,0,0,0,0,0,0,0,0,0,0,0,0.0,0,0,0,0,0,0,5.159245288766401,0,0,0,6.7234958547781885,7.317151765660057,0,0,0.0,0,0.0,6.113392254943529,0,0,0.0,0,0,0,0,0,0,0,0.0,0,0,0.0,0,0,0,0.0,0,0,0.0,0,0.0,0.0,0,0.0,0,0,0.0,0,0.0,0,0,0,0.0,0,0,0,0.0,0,0,0,0,0,0.0,0,0.0,0,0,0,0,0,0,0,0,0,0,0,0,0,0,0,0,0,0.0,0.0,0
textcrypt-3.0.0.exe,0.0,0,0,0,0,0,0.0,0,0,0,0.0,0,0,0,0,0,0.0,0,0,0,0.0,0,0,0.0,0.0,0.0,0.0,0,0,0,0.0,0,0.0,0,0,0.0,0,0,0,0,0,0,0,0,0,0,0,0,0.0,0.0,0,0,0,0,0,0,0,0,0,0,0,0.0,0,0,0,0,0,0,0.0,0,0,0,0.23263253450968063,4.754451274472771,0,0,0.0,0,0.0,7.998856382360111,0,0,0.0,0,0,0,0,0,0,0,0.0,0,0,0.0,0,0,0,0.0,0,0,0.0,0,0.0,0.0,0,0.0,0,0,0.0,0,0.0,0,0,0,0.0,0,0,0,0.0,0,0,0,0,0,0.0,0,0.0,0,0,0,0,0,0,0,0,0,0,0,0,0,0,0,0,0,0.0,0.0,0
TOS File Encryptor-1.0.2.exe,0.0,0,0,0,0,0,0.0,0,0,0,0.0,0,0,0,0,0,0.0,0,0,0,0.0,0,0,0.0,0.0,0.0,0.0,0,0,0,0.0,0,0.0,0,0,0.0,0,0,0,0,0,0,0,0,0,0,0,0,0.0,0.0,0,0,0,0,0,0,0,0,0,0,0,0.0,0,0,0,0,0,0,0.0,0,0,0,0.10191042566270775,6.187751899610859,0,0,2.4447944224518934,0,0.0,6.440061007507424,0,0,0.0,0,0,0,0,0,0,0,0.0,0,0,0.0,0,0,0,0.0,0,0,0.0,0,0.0,0.0,0,0.0,0,0,0.0,0,0.0,0,0,0,0.0,0,0,0,0.0,0,0,0,0,0,0.0,0,0.0,0,0,0,0,0,0,0,0,0,0,0,0,0,0,0,0,0,0.0,0.0,0
Tresorit-3.5.5452.exe,0.0,0,0,0,0,0,0.0,0,0,0,0.0,0,0,0,0,0,0.0,0,0,0,0.0,0,0,0.0,0.0,0.0,0.0,0,0,0,0.0,0,0.0,0,0,0.0,0,0,0,0,0,0,0,0,0,0,0,0,0.0,0.0,0,0,0,0,0,0,0,0,0,0,0,0.0,0,0,0,0,0,0,0.0,0,0,0,0.12227588125913882,4.31735615830281,0,0,0.0,0,0.0,7.801678887207272,0,0,0.0,0,0,0,0,0,0,0,0.0,0,0,0.0,0,0,0,0.0,0,0,0.0,0,0.0,0.0,0,0.0,0,0,0.0,0,0.0,0,0,0,0.0,0,0,0,0.0,0,0,0,0,0,0.0,0,0.0,0,0,0,0,0,0,0,0,0,0,0,0,0,0,0,0,0,0.0,0.0,0
TrueCrypt-7.1.exe,0.0,0,0,0,0,0,0.0,0,0,0,0.0,0,0,0,0,0,0.0,0,0,0,6.3296381523720875,0,0,0.0,0.0,0.0,0.0,0,0,0,0.0,0,0.0,0,0,0.0,0,0,0,0,0,0,0,0,0,0,0,0,0.0,0.0,0,0,0,0,0,0,0,0,0,0,0,0.0,0,0,0,0,0,0,6.357324258394621,0,0,0,0.0,6.414435111473491,0,0,0.0,0,0.0,6.656682990214453,0,0,0.0,0,0,0,0,0,0,0,0.0,0,0,0.0,0,0,0,0.0,0,0,0.0,0,0.0,0.0,0,0.0,0,0,0.0,0,0.0,0,0,0,0.0,0,0,0,0.0,0,0,0,0,0,0.0,0,0.0,0,0,0,0,0,0,0,0,0,0,0,0,0,0,0,0,0,0.0,0.0,0
TrueImage-30.2.1.exe,0.0,0,0,0,0,0,0.0,0,0,0,0.0,0,0,0,0,0,0.0,0,0,0,3.714435433186602,0,0,0.0,0.0,0.0,0.0,0,0,0,0.0,0,0.0,0,0,0.0,0,0,0,0,0,0,0,0,0,0,0,0,0.0,0.0,0,0,0,0,0,0,0,0,0,0,0,6.246246153031555,0,0,0,0,0,0,6.32204795566472,0,0,0,5.4663184340458235,4.446008039515526,0,0,0.0,0,0.0,6.380185944736653,0,0,0.0,0,0,0,0,0,0,0,0.0,0,0,0.0,0,0,0,0.0,0,0,0.0,0,0.0,0.0,0,0.0,0,0,0.0,0,0.0,0,0,0,0.0,0,0,0,0.0,0,0,0,0,0,0.0,0,0.0,0,0,0,0,0,0,0,0,0,0,0,0,0,0,0,0,0,0.0,0.0,0
usbdiskguard.exe,0.0,0,0,0,0,0,5.8317201546863435,0,0,0,0.0,0,0,0,0,0,0.0,0,0,0,0.0,0,0,0.0,0.0,0.0,0.0,0,0,0,0.0,0,7.876623789747253,0,0,0.0,0,0,0,0,0,0,0,0,0,0,0,0,0.0,0.0,0,0,0,0,0,0,0,0,0,0,0,0.0,0,0,0,0,0,0,0.2069200177871819,0,0,0,0.0,7.508249485480941,0,0,0.0,0,0.0,0.0,0,0,0.0,0,0,0,0,0,0,0,0.0,0,0,0.0,0,0,0,0.0,0,0,0.0,0,0.0,0.0,0,0.0,0,0,0.0,0,0.0,0,0,0,0.0,0,0,0,0.0,0,0,0,0,0,7.999859317865452,0,7.986625234985071,0,0,0,0,0,0,0,0,0,0,0,0,0,0,0,0,0,0.0,0.0,0
VaultPad.exe,0.0,0,0,0,0,0,0.0,0,0,0,0.0,0,0,0,0,0,0.0,0,0,0,0.0,0,0,0.0,0.0,0.0,0.0,0,0,0,0.0,0,0.0,0,0,0.0,0,0,0,0,0,0,0,0,0,0,0,0,0.0,0.0,0,0,0,0,0,0,0,0,0,0,0,0.0,0,0,0,0,0,0,0.0,0,0,0,0.0,4.5834040541090255,0,0,0.0,0,0.0,0.0,0,0,0.0,0,0,0,0,0,0,0,0.0,0,0,0.0,0,0,0,0.0,0,0,0.0,0,0.0,0.0,0,0.0,0,0,0.0,0,0.0,0,0,0,0.0,0,0,0,0.0,0,0,0,0,0,0.0,0,0.0,0,0,0,0,0,0,0,0,0,0,0,0,0,0,0,0,0,0.0,7.922923651034786,0
VeraCrypt-1.26.24.exe,0.0,0,0,0,0,0,0.0,0,0,0,0.0,0,0,0,0,0,0.0,0,0,0,6.000653310441872,0,0,3.4260905016324634,0.0,0.0,0.0,0,0,0,0.0,0,0.0,0,0,0.0,0,0,0,0,0,0,0,0,0,0,0,0,0.0,0.0,0,0,0,0,0,0,0,0,0,0,0,6.1069421419504355,0,0,0,0,0,0,6.8405920772040085,0,0,0,5.373593914291572,6.19438002452849,0,0,0.0,0,0.0,6.5734891499263695,0,0,0.0,0,0,0,0,0,0,0,0.0,0,0,0.0,0,0,0,0.0,0,0,0.0,0,0.0,0.0,0,0.0,0,0,0.0,0,0.0,0,0,0,0.0,0,0,0,0.0,0,0,0,0,0,0.0,0,0.0,0,0,0,0,0,0,0,0,0,0,0,0,0,0,0,0,0,0.0,0.0,0
Victor's Encryption Tools-1.3.7.exe,0.0,0,0,0,0,0,0.0,0,0,0,0.0,0,0,0,0,0,0.0,0,0,0,0.0,0,0,0.0,0.0,0.0,0.0,0,0,0,0.0,0,0.0,0,0,0.0,0,0,0,0,0,0,0,0,0,0,0,0,0.0,0.0,0,0,0,0,0,0,0,0,0,0,0,0.0,0,0,0,0,0,0,0.0,0,0,0,0.10191042566270775,4.372644252277955,0,0,1.747541839212614,0,0.0,5.555175687348747,0,0,0.0,0,0,0,0,0,0,0,0.0,0,0,0.0,0,0,0,0.0,0,0,0.0,0,0.0,0.0,0,0.0,0,0,0.0,0,0.0,0,0,0,0.0,0,0,0,0.0,0,0,0,0,0,0.0,0,0.0,0,0,0,0,0,0,0,0,0,0,0,0,0,0,0,0,0,0.0,0.0,0
vmpcrypt.exe,0.0,0,0,0,0,0,0.0,0,0,0,0.0,0,0,0,0,0,0.0,0,0,0,0.0,0,0,0.0,0.0,0.0,0.0,0,0,0,0.0,0,4.9563214147941,0,0,0.0,0,0,0,0,0,0,0,0,0,0,0,0,0.0,0.0,0,0,0,0,0,0,0,0,0,0,0,0.0,0,0,0,0,0,0,0.1991075177871819,0,0,0,6.762613130681303,4.124007473536703,0,0,0.0,0,0.0,0.0,0,0,0.0,0,0,0,0,0,0,0,0.0,0,0,0.0,0,0,0,0.0,0,0,0.0,0,0.0,0.0,0,0.0,0,0,0.0,0,0.0,0,0,0,0.0,0,0,0,0.0,0,0,0,0,0,6.568823040943706,0,4.818190197024358,0,0,0,0,0,0,0,0,0,0,0,0,0,0,0,0,0,0.0,0.0,0
WinCrypto-2.0.1.exe,0.0,0,0,0,0,0,0.0,0,0,0,0.0,0,0,0,0,0,0.0,0,0,0,0.11405455744161147,0,0,0.0,0.0,0.0,0.0,0,0,0,0.0,0,0.0,0,0,0.0,0,0,0,0,0,0,0,0,0,0,0,0,0.0,0.0,0,0,0,0,0,0,0,0,0,0,0,0.0,0,0,0,0,0,0,4.230043304224529,0,0,0,0.0,3.676468811218332,0,0,0.0,0,0.0,6.139264010905097,0,0,0.0,0,0,0,0,0,0,0,0.0,0,0,0.0,0,0,0,0.0,0,0,0.0,0,0.0,0.0,0,0.0,0,0,0.0,0,0.0,0,0,0,0.0,0,0,0,0.0,0,0,0,0,0,0.0,0,0.0,0,0,0,0,0,0,0,0,0,0,0,0,0,0,0,0,0,0.0,0.0,0
winrar-x64-7.20.0.exe,0.0,0,0,0,0,0,0.0,0,0,0,0.0,0,0,0,0,0,0.0,0,0,0,3.0853222908614324,0,0,2.8966911361736947,0.0,0.0,0.0,0,0,0,0.0,0,0.0,0,0,0.0,0,0,0,0,0,0,0,0,0,0,0,0,0.0,0.0,0,0,0,0,0,0,0,0,0,0,0,5.519404596786354,0,0,0,0,0,0,5.301830772575529,0,0,0,5.264442547023622,7.713093907025001,0,0,0.0,0,0.0,6.437471049498191,0,0,0.0,0,0,0,0,0,0,0,0.0,0,0,0.0,0,0,0,0.0,0,0,0.0,0,0.0,0.0,0,0.0,0,0,0.0,0,0.0,0,0,0,0.0,0,0,0,0.0,0,0,0,0,0,0.0,0,0.0,0,0,0,0,0,0,0,0,0,0,0,0,0,0,0,0,0,0.0,0.0,0
WinUha-2.0.0.exe,0.0,0,0,0,0,0,0.0,0,0,0,0.0,0,0,0,0,0,0.0,0,0,0,0.0,0,0,0.0,0.0,0.0,0.0,0,0,0,0.0,0,0.0,0,0,0.0,0,0,0,0,0,0,0,0,0,0,0,0,0.0,0.0,0,0,0,0,0,0,0,0,0,0,0,0.0,0,0,0,0,0,0,0.0,0,0,0,0.0,5.583239331757104,0,0,0.0,0,0.0,0.0,0,0,0.0,0,0,0,0,0,0,0,0.0,0,0,0.0,0,0,0,0.0,0,0,0.0,0,0.0,0.0,0,0.0,0,0,0.0,0,0.0,0,0,0,0.0,0,0,0,0.0,0,0,0,0,0,0.0,0,0.0,0,0,0,0,0,0,0,0,0,0,0,0,0,0,0,0,0,0.0,7.922940838994231,0
winzip-77.0.exe,0.0,0,0,0,0,0,0.0,0,0,0,0.0,0,0,0,0,0,0.0,0,0,0,5.011508222401227,0,0,0.0,0.0,0.0,0.0,0,0,0,0.0,0,0.0,0,0,0.0,0,0,0,0,0,0,0,0,0,0,0,0,0.0,0.0,0,0,0,0,0,0,0,0,0,0,0,0.0,0,0,0,0,0,0,4.984326652413584,0,0,0,6.58072255205085,5.601257677977407,0,0,0.0,0,0.0,6.564091770045004,0,0,0.0,0,0,0,0,0,0,0,0.0,0,0,0.0,0,0,0,0.0,0,0,0.0,0,0.0,0.0,0,0.0,0,0,0.0,0,0.0,0,0,0,0.0,0,0,0,0.0,0,0,0,0,0,0.0,0,0.0,0,0,0,0,0,0,0,0,0,0,0,0,0,0,0,0,0,0.0,0.0,0
WipeFile-3.6.0.exe,0.0,0,0,0,0,0,0.0,0,0,0,0.0,0,0,0,0,0,0.0,0,0,0,0.0,0,0,0.0,0.0,0.0,0.0,0,0,0,0.0,0,0.0,0,0,0.0,0,0,0,0,0,0,0,0,0,0,0,0,0.0,0.0,0,0,0,0,0,0,0,0,0,0,0,0.0,0,0,0,0,0,0,0.0,0,0,0,0.10191042566270775,4.6842078059603045,0,0,0.0,0,0.0,5.9724586940167885,0,0,0.0,0,0,0,0,0,0,0,0.0,0,0,0.0,0,0,0,0.0,0,0,0.0,0,0.0,0.0,0,0.0,0,0,0.0,0,0.0,0,0,0,0.0,0,0,0,0.0,0,0,0,0,0,0.0,0,0.0,0,0,0,0,0,0,0,0,0,0,0,0,0,0,0,0,0,0.0,0.0,0
wolfram-0.2.2.exe,0.0,0,0,0,0,0,0.0,0,0,0,0.0,0,0,0,0,0,0.0,0,0,0,0.0,0,0,0.0,0.0,0.0,0.0,0,0,0,0.0,0,0.0,0,0,0.0,0,0,0,0,0,0,0,0,0,0,0,0,0.0,0.0,0,0,0,0,0,0,0,0,0,0,0,0.0,0,0,0,0,0,0,0.0,0,0,0,0.0,4.003708781742349,0,0,0.0,0,0.0,0.0,0,0,0.0,0,0,0,0,0,0,0,0.0,0,0,0.0,0,0,0,0.0,0,0,0.0,0,0.0,0.0,0,0.0,0,0,0.0,0,0.0,0,0,0,0.0,0,0,0,0.0,0,0,0,0,0,0.0,0,0.0,0,0,0,0,0,0,0,0,0,0,0,0,0,0,0,0,0,0.0,7.839299211933566,0
Xeno Vault-5.2.0.exe,0.0,0,0,0,0,0,0.0,0,0,0,0.0,0,0,0,0,0,0.0,0,0,0,0.0,0,0,0.0,0.0,0.0,0.0,0,0,0,0.0,0,0.0,0,0,0.0,0,0,0,0,0,0,0,0,0,0,0,0,0.0,0.0,0,0,0,0,0,0,0,0,0,0,0,0.0,0,0,0,0,0,0,0.0,0,0,0,0.10191042566270775,4.827480766769944,0,0,0.0,0,0.0,7.851362874277019,0,0,0.0,0,0,0,0,0,0,0,0.0,0,0,0.0,0,0,0,0.0,0,0,0.0,0,0.0,0.0,0,0.0,0,0,0.0,0,0.0,0,0,0,0.0,0,0,0,0.0,0,0,0,0,0,0.0,0,0.0,0,0,0,0,0,0,0,0,0,0,0,0,0,0,0,0,0,0.0,0.0,0
XOR_Encrypt_V2.0.exe,0.0,0,0,0,0,0,0.0,0,0,0,0.0,0,0,0,0,0,0.0,0,0,0,2.479175717137402,0,0,0.0,0.0,0.0,0.0,0,0,0,0.0,0,0.0,0,0,0.0,0,0,0,0,0,0,0,0,0,0,0,0,0.0,0.0,0,0,0,0,0,0,0,0,0,0,0,0.0,0,0,0,0,0,0,4.898769110107898,0,0,0,4.052059156873082,2.63075860343453,0,0,0.0,0,0.0,6.5661629355928675,0,0,0.0,0,0,0,0,0,0,0,0.0,0,0,0.0,0,0,0,0.0,0,0,0.0,0,0.0,0.0,0,0.0,0,0,0.0,0,0.0,0,0,0,0.0,0,0,0,0.0,0,0,0,0,0,0.0,0,0.0,0,0,0,0,0,0,0,0,0,0,0,0,0,0,0,0,0,0.0,0.0,0
xzip-1.2.0.exe,0.0,0,0,0,0,0,0.0,0,0,0,0.0,0,0,0,0,0,0.06116285224115448,0,0,0,4.516905945124654,0,0,0.0,0.0,0.0,0.0,0,0,0,0.0,0,5.084526816034997,0,0,0.0,0,0,0,0,0,0,0,0,0,0,0,0,0.0,0.0,0,0,0,0,0,0,0,0,0,0,0,0.0,0,0,0,0,0,0,5.45800726642375,0,0,0,0.0,5.477083777837787,0,0,0.0,0,0.0,6.046951825124817,0,0,0.0,0,0,0,0,0,0,0,0.0,0,0,0.0,0,0,0,0.0,0,0,0.0,0,0.0,0.0,0,0.0,0,0,0.0,0,0.0,0,0,0,0.0,0,0,0,0.0,0,0,0,0,0,0.0,0,0.0,0,0,0,0,0,0,0,0,0,0,0,0,0,0,0,0,0,0.0,0.0,0
zipgenius-6.3.2.exe,0.0,0,0,0,0,0,0.0,0,0,0,0.0,0,0,0,0,0,0.0,0,0,0,6.579327720356886,0,0,0.0,0.0,0.0,0.0,0,0,0,0.0,0,5.2400667094575395,0,0,6.470592201859967,0,0,0,0,0,0,0,0,0,0,0,0,0.0,0.0,0,0,0,0,0,0,0,0,0,0,0,0.0,0,0,0,0,0,0,0.2069200177871819,0,0,0,6.658770047590046,5.671698940415181,0,0,0.0,0,0.0,6.5578604379254966,0,0,0.0,0,0,0,0,0,0,0,0.0,0,0,0.0,0,0,0,0.0,0,0,0.0,0,0.0,0.0,0,0.0,0,0,0.0,0,0.0,0,0,0,0.0,0,0,0,0.0,0,0,0,0,0,0.0,0,0.0,0,0,0,0,0,0,0,0,0,0,0,0,0,0,0,0,0,0.0,0.0,0
zstd.exe,0.0,0,0,0,0,0,0.0,0,0,0,0.0,0,0,0,0,0,0.0,0,0,0,3.5459200279157037,0,0,0.0,0.0,0.0,0.0,0,0,0,0.0,0,4.228126530479094,0,0,0.0,0,0,0,0,0,0,0,0,0,0,0,0,0.0,0.0,0,0,0,0,0,0,0,0,0,0,0,5.800472156695047,0,0,0,0,0,0,5.989968414148806,0,0,0,4.855646238451896,4.781479737617454,0,0,0.0,0,0.0,6.353411677022343,0,0,0.0,0,0,0,0,0,0,0,0.0,0,0,4.6710932473698294,0,0,0,0.0,0,0,5.83946256361885,0,0.0,1.7169847466113861,0,0.0,0,0,0.0,0,0.0,0,0,0,0.0,0,0,0,0.0,0,0,0,0,0,0.0,0,0.0,0,0,0,0,0,0,0,0,0,0,0,0,0,0,0,0,0,0.0,0.0,0
